张雪峰,Query time: 2024-01-14 22:16:25,likes,location,gender
,2023-12-25 23:58,0,其他,m
张雪峰: 为什么说生化环材是天坑,2023-12-25 23:56,2,河北,f
//:2023年你鳖互联网出了很多圣人，只有张雪峰张圣才起真正值得配享太庙的，直到今天我还记得他被押上供桌时喊的那句话——“我是来直播的，你们要干什么！”,2023-12-25 23:53,0,其他,m
澎湃新闻记者偷公章这事儿，再次证明了张雪峰老师配享太庙，现在这些干新闻的记者都是什么玩意儿渣浪也是牛逼，直接删词条，搜都搜不到 ,2023-12-25 23:43,99,福建,m
,2023-12-25 23:38,0,安徽,m
从亿万家长学生膜拜张雪峰到万千大妈争当董宇辉的丈母娘，这个民族配得上他们所忧虑的一切。请看金龟婿的金句——1、内卷怎么办？那就读书，因为读书破万卷。2、没有钱怎么办？那就读书，因为书中自有黄金屋。3、没有对象怎么办？那就读书，因为书中自有颜如玉。4、气质不好怎么办？那就读书 从亿万家长学生膜拜张雪峰到万千大妈争当董宇辉的丈母娘，这个民族配得上他们所忧虑的一切。请看金龟婿的金句——1、内卷怎么办？那就读书，因为读书破万卷。2、没有钱怎么办？那就读书，因为书中自有黄金屋。3、没有对象怎么办？那就读书，因为书中自有颜如玉。4、气质不好怎么办？那就读书，因为腹有诗书气自华。5、长得矮怎么办？那就读书，因为万般皆下品，唯有读书高。,2023-12-25 23:30,2,湖北,m
姐妹们在看攻略的时候，多瞅瞅那些有真技术的。其实很多都有自己的优势：成都腰腹抽/吸脂成都巩永强、杨华博、韩忠辉、成都冉鸿、唐中华、肖凌、成都张正鹏、栾杰、张雪峰、成都郭俊良、李发展、肖凯宇评价反馈好不好？怎么样？技术好不好？我都是收集了不少攻略的！,2023-12-25 23:28,1,山东,f
关键词：张雪峰，专业选择。,2023-12-25 23:28,0,浙江,m
热搜预定,2023-12-25 23:26,1,广东,f
看了详情，感觉判的不冤，而且三年应该是强奸罪的底线吧？我觉得，这之前的报道不知道是记者哪儿找的，然后也不经过核实就发出来了误导了不少人，所以吧，我就觉得张雪峰老师说的真对另外一个，就是这女方家属的表现吧，让我觉得简直 看了详情，感觉判的不冤，而且三年应该是强奸罪的底线吧？我觉得，这之前的报道不知道是记者哪儿找的，然后也不经过核实就发出来了误导了不少人，所以吧，我就觉得张雪峰老师说的真对另外一个，就是这女方家属的表现吧，让我觉得简直就是从犯净想着怎么弄钱了，我就特纳闷儿那女的是不是你们家的孩子啊？真是简直老太太下楼梯是不服不行啊想问问大家，你怎么看？,2023-12-25 23:10,2087,北京,m
//:张雪峰是对的,2023-12-25 23:06,0,广东,f
😅你们媒体真的 ,2023-12-25 23:03,1498,四川,f
张雪峰老师：考试紧张怎么办？,2023-12-25 23:02,5,北京,m
张雪峰老师把大学四年的最佳安排都整理出来了！赶紧收藏！ . ,2023-12-25 23:00,309,北京,m
//:2023年你鳖互联网出了很多圣人，只有张雪峰张圣才起真正值得配享太庙的，直到今天我还记得他被押上供桌时喊的那句话——“我是来直播的，你们要干什么！”,2023-12-25 22:57,0,北京,f
//:2023年你鳖互联网出了很多圣人，只有张雪峰张圣才起真正值得配享太庙的，直到今天我还记得他被押上供桌时喊的那句话——“我是来直播的，你们要干什么！”,2023-12-25 22:49,0,广西,m
张雪峰鄙视新闻专业的是对的，上午这新闻出来可真没说这些，很多人被媒体带跑偏了。晚上法院把详细的情况说明才知道，被这帮媒体给带节奏了 ,2023-12-25 22:43,6,北京,f
张雪峰: 什么专业能具备家族传承？,2023-12-25 22:42,0,河北,f
今天看张雪峰直播，提到我们学校了,2023-12-25 22:40,0,其他,m
张雪峰真的很厉害👍 ,2023-12-25 22:23,0,四川,f
张雪峰：经常对孩子说这五句话，相信孩子很快会开窍！第一句，告诉孩子，学习的本质是自学，知识不是靠老师讲明白的，而是要靠自己去思考、去领悟。很多知识需要多思考、多领悟，师父领进门，修行在个人。第二句，当孩子遇到不会做的题目或做错的题目时，要鼓励他们感到高兴，因为这是他们提高分 张雪峰：经常对孩子说这五句话，相信孩子很快会开窍！第一句，告诉孩子，学习的本质是自学，知识不是靠老师讲明白的，而是要靠自己去思考、去领悟。很多知识需要多思考、多领悟，师父领进门，修行在个人。第二句，当孩子遇到不会做的题目或做错的题目时，要鼓励他们感到高兴，因为这是他们提高分数和增长知识的机会。学习就是一个不断克服困难、纠正错误的过程。第三句，要让孩子明白学习的效果可能不会立即显现。无论他们现在多么努力或懈怠，短时间内可能不会有明显的改变。但是，坚持下去，三到五个月后一定会有所不同。不要问现在是否还来得及，只要他们愿意学习，任何时候都来得及。第四句，告诉孩子，他们可能没有经历过生活的艰辛，那是因为有人在为他们承担重任。努力和勤奋不一定能让他们成功，但懒惰一定会让他们失败。懒惰的人这辈子一定没有出息。第五句，提醒孩子，现在让他们沉迷的东西，将来可能会让他们更加痛苦。玩手机是毁掉他们成绩最快的途径。只有能抵制手机诱惑的人，才能真正做出大事。,2023-12-25 22:18,0,其他,f
不懂 今年新传咋回事 不想招生可以直说跟谁赌气？张雪峰啊 ,2023-12-25 22:17,0,山东,f
张雪峰上分,2023-12-25 22:17,0,北京,f
张雪峰：这波赢麻了//:现在的新闻媒体为了博眼球已经枉顾新闻事情抹黑司法机关了。,2023-12-25 22:16,0,吉林,f
我最爱的超话是，每一次发帖和互动，都像越过屏幕和大家聚在一起向喜爱的人表达心意，2024与我一起用超光影记录超影像！来晒晒的你吧～,2023-12-25 22:10,0,湖南,m
“事后，被害人情绪激动，实施了点火烧卧室柜子和客厅窗帘等行为，还逃出房间通过步梯下至13层呼喊“救命”，后被席某某强行拖拽回房内。”——事后，如今的媒体记者真是活该被张雪峰鄙视,2023-12-25 21:51,34,浙江,m
又一次直观感受到张雪峰说的真对//:还有这种操作？//:还有这种操作？//:这条博麻烦大家转转，不要被对方的限制展示评论，换主持人，换词条这三板斧给迷惑了,2023-12-25 21:41,0,其他,f
//:张雪峰一遍一遍被证明是对的,2023-12-25 21:33,1,四川,m
张雪峰考试爆笑讲解，考研ZZ的特点23考研张雪峰老师张雪峰[超话]##考研##政治##2024考研‬##2024考研438万人报名##英语##数学##复习##冲刺##升学规划##志愿填报#,2023-12-25 21:30,4,广东,m
我曾经以为我不再需要写日常的情感手记了因为我不需要再让他帮我排遣精神内耗，但是我错了，文科生终其一生的情感迸发只能在文字上，通过文字抒发悲喜，感受力量，如同历经时光磨砺的雕版，沧桑而隽永 ,2023-12-25 21:22,0,其他,m
//:,2023-12-25 21:22,1,广东,m
孩子有主见倔犟家长没能力说服，老张讲述自己当年虎了八几撞南墙的事儿，从而学会了处世先yes再and,2023-12-25 21:20,75,湖北,m
//:老爷们要应酬吃饭的嘛，让大头兵抓了怎么办,2023-12-25 21:19,0,广东,m
老乡你实在不行找个明白人吧！别给孩子耽误了。这种孩子真的是命啊！,2023-12-25 21:16,717,湖北,m
张雪峰：在大学如何结交到好朋友。,2023-12-25 21:15,443,湖北,m
这些媒体当真是为了流量爹都不要了。隔空？隔你爹的2cm空？？！明明是通过互联网给儿童发sq信息、视频语音猥亵儿童、引导儿童自己拍、发裸照……在这些鸡毛媒体人嘴巴里成了“隔空”。你爹是隔空射J有的你这条傻狗吧？！！,2023-12-25 21:06,0,广东,f
俗话说得好，张雪峰是对的//://:,2023-12-25 21:03,0,四川,m
张雪峰说考研考公的视频,2023-12-25 21:01,0,其他,m
张雪峰老师：孩子有野心的话，你是栓不住的。,2023-12-25 21:01,3,北京,m
有人说，张雪峰给高中生说的10句话很实在，要是过去没看到，现在看到都不晚！1、高考是你一生中，是可以改变命运的最佳机会！它独特有两点：一是成败由你掌握，二是相对来说它最公平。2、高中三大主科：语数英！你最低要考300分，不然无缘一本。如果你要上985，三门主科要考360分，三门副科都得上8 有人说，张雪峰给高中生说的10句话很实在，要是过去没看到，现在看到都不晚！1、高考是你一生中，是可以改变命运的最佳机会！它独特有两点：一是成败由你掌握，二是相对来说它最公平。2、高中三大主科：语数英！你最低要考300分，不然无缘一本。如果你要上985，三门主科要考360分，三门副科都得上80分。3、高中生考大学，公认的三大阻碍：玩手机，谈恋爱，叛逆期。4、每次模拟考试的成功或失利，并不能代表你的高考水平。但你记住：运气与状态决定你的上限，但实力决定你的下限！5、高中英语3600单词都认不全，英语不可能考120分！还有，你买菜的时候确实用不上英语，但是它能决定你在哪儿买菜。6、高中生记住：不要迷信刷题，更不能不刷题！什么意思? 不要假努力只刷会的题，应该多刷不会的题。因为做题数量跟分数没有关系，质量跟分数才有关系！7、一般来说，任课老师会陪你三年！别讨厌她，更不要因为她，不喜欢她教的的科目。另外，老师不是魔鬼，所以别害怕问老师题目。8、高中没必要搞人际关系，优生没时间，差生爱成群！你问问爸爸妈妈，有多少高中同学还有联系？9、身体是学习的本钱！特别是高三后期。学业的压力，让很多弱不禁风的优生，总是因为生病，三天两头请假。所以，学会劳逸结合！坚持适度原则，该学习时就心无旁骛，该休息时就卸下包袱，跑跑步，打打球。10、三年高中，一千个日夜。学业压力，同学相处，未来憧憬。你心里有想法，或者有困难时候，可以找父母或者老师倾诉。一是说出来，比闷在心里更舒服。二是父母老师都会尽力帮你度过难关。,2023-12-25 20:53,0,西藏,f
霉体总是自己一次次肯定“张雪峰是对的”。,2023-12-25 20:50,110,北京,m
张雪峰的工作有时候就是工伤，有的家长就是听不明白啊。。。 ,2023-12-25 20:49,0,上海,f
小姐妹找我了解成都丰胸医生吴江山的反馈，打算做假体，问他做胸的话大概要多少钱呢？吴主要做的假体是傲诺拉闪耀和璀璨，大多数反馈都比较挺翘，很适合轻微松弛下垂或者干瘪下垂的姐妹，一般6W＋.成都隆胸医生：张雪峰、何一波、唐勇、魏家宾、刘中国、罗通贵口碑反馈都🉑问小姐妹找我了解成都丰胸医生吴江山的反馈，打算做假体，问他做胸的话大概要多少钱呢？吴主要做的假体是傲诺拉闪耀和璀璨，大多数反馈都比较挺翘，很适合轻微松弛下垂或者干瘪下垂的姐妹，一般6W＋.成都隆胸医生：张雪峰、何一波、唐勇、魏家宾、刘中国、罗通贵口碑反馈都🉑问噢,2023-12-25 20:45,1,福建,f
媒体真不是个东西啊，真是理解张雪峰，成为张献忠了。,2023-12-25 20:38,0,北京,f
评论区精选还要替男的开脱啊？！你们怎么精选一些主观臆测就不知道尊重法院判决？！张雪峰说的可对啊,2023-12-25 20:26,0,北京,f
《张雪峰怼人有多厉害：鲁豫被怼的说不出话，局座听后保持沉默！》张雪峰怼人有多厉害：鲁豫被怼的说不出话，局座听后保持沉默！,2023-12-25 20:24,0,广东,f
//:想想谁在控制舆论影响力，谁在利用传播渠道的资源进行价值引导，普通人为自己利益发声，如果不能被利用反体制，能给你多少曝光率？,2023-12-25 20:16,0,黑龙江,m
怎么复制张雪峰？答：张雪峰是如何破圈的？是靠“升学规划” ，更具体一点儿说是“填志愿”。很多人以为是张雪峰是靠演讲的励志鸡汤火的，其实这些都是表象。他的演讲、短视频、直播只是放大了他的这个“核心价值”，不能帮助学生和家长填对志愿，他是不可能取得现在的成功的。他所有火的视 怎么复制张雪峰？答：张雪峰是如何破圈的？是靠“升学规划” ，更具体一点儿说是“填志愿”。很多人以为是张雪峰是靠演讲的励志鸡汤火的，其实这些都是表象。他的演讲、短视频、直播只是放大了他的这个“核心价值”，不能帮助学生和家长填对志愿，他是不可能取得现在的成功的。他所有火的视频和直播都是关于如何填志愿的，个个都是一针见血。他是了解了社会的各种残酷真相后再给这些家长和学生提供报考建议，务实而有用，你说家长能不欢迎吗？孩子寒窗苦读那么多年，还不是想有个好的未来？也就是很多社会真相，张雪峰提前告诉了你，这就是他的核心价值，帮无数学生和家长少走了很多弯路。张雪峰现在就是靠帮学生填志愿迅速出圈的。怎么复制张雪峰老师？第一步，你要讲课，不断讲课，然后把你讲课的内容，传到抖音上。第二步，你要锁定一个卖点儿，围绕着这个卖点转圈圈，翻来覆去讲同一个点，这样你出圈的可能性还是比较大的。第三步，靠卖课卖服务赚钱。张雪峰卖课卖服务，都是在一个圈里兜圈，别人兜 10 圈不赚钱都跑了，他是兜1000圈不赚钱，还继续兜圈。他把同行熬死了，整个市场就是他自己的。总结一下，如果你真想赚到钱，必须专注某一个细分的价值并做到极致，哪怕很小的一个价值，都有无数人会买单。不是粉丝多了就赚钱，是垂直度高才赚钱，不要想着成交所有的人，习惯性垂直吊打，才会一直出单，一直出单。,2023-12-25 20:16,0,广东,f
一个劲儿的忽悠去do项目，不管适不适合，终究吃亏的是自己下方真实情况可了解张雪峰、刘中阳（武汉、泉州、海口）案例 ,2023-12-25 20:13,0,上海,f
因为你们的存在，我在仰望星空的同时也在努力成为闪闪发光的人，2024与我一起用超光影记录超影像！,2023-12-25 20:04,0,山西,f
听张雪峰说 生女儿是奖励与惩罚  生儿子就只有惩罚   你猜我为什么不笑我实在想多活几年  这才4岁多教写个数字都要气死   以后家庭作业可怎么办,2023-12-25 20:01,1,四川,f
啊，可以的可以的！我之前还说觉得雷鸣像张雪峰，那现在不像了！,2023-12-25 19:59,0,其他,f
张雪峰，郑强被赶出去，是教育界的悲哀，郑强，去211大学当校长，遭师生集体抵制，甚至被高喊“滚出去”,2023-12-25 19:53,0,其他,m
//:兼听，现在看起来是媒体报道和实际有出入，还是张雪峰说得对啊//:本来在调查中不能出来说话，刚好有点🔥度提醒一下太太和代理们吧，网售平台不要挂本子名字，公司比个人罚得轻，买明信片送本子不认可，属地原则（哪里发货哪里管，所以注册在歪果没有用）,2023-12-25 19:52,0,广东,m
有老姊妹说喜欢一个医森老久，但是忽然看到黑料很失望。下边这些都是可以对比的。成都水滴胸成都刘云天、费剑锋、张寒、成都王伟、张雪峰、孙文强、成都武剑、马丽、鲁树荣、成都刘会省、曹庆琳、钟盛全好不好？靠谱吗？有没有失败案例？咱这次就说的清清楚楚啦！,2023-12-25 19:52,0,四川,f
【】考研名师开导年轻人如何面对社会焦虑时提到，人要学会放下，不要把自己逼得太狠，退一步海阔天空，之前面对的所有焦虑都可以烟消云散了。 ,2023-12-25 19:39,0,陕西,f
【】考研名师开导年轻人如何面对社会焦虑时提到，人要学会放下，不要把自己逼得太狠，退一步海阔天空，之前面对的所有焦虑都可以烟消云散了。 ,2023-12-25 19:39,0,陕西,m
【】考研名师开导年轻人如何面对社会焦虑时提到，人要学会放下，不要把自己逼得太狠，退一步海阔天空，之前面对的所有焦虑都可以烟消云散了。 ,2023-12-25 19:39,0,陕西,m
【】考研名师开导年轻人如何面对社会焦虑时提到，人要学会放下，不要把自己逼得太狠，退一步海阔天空，之前面对的所有焦虑都可以烟消云散了。 ,2023-12-25 19:39,0,陕西,f
【】考研名师开导年轻人如何面对社会焦虑时提到，人要学会放下，不要把自己逼得太狠，退一步海阔天空，之前面对的所有焦虑都可以烟消云散了。 ,2023-12-25 19:39,0,陕西,m
【】考研名师开导年轻人如何面对社会焦虑时提到，人要学会放下，不要把自己逼得太狠，退一步海阔天空，之前面对的所有焦虑都可以烟消云散了。 ,2023-12-25 19:39,0,上海,m
【】考研名师开导年轻人如何面对社会焦虑时提到，人要学会放下，不要把自己逼得太狠，退一步海阔天空，之前面对的所有焦虑都可以烟消云散了。 ,2023-12-25 19:39,0,上海,m
【】考研名师开导年轻人如何面对社会焦虑时提到，人要学会放下，不要把自己逼得太狠，退一步海阔天空，之前面对的所有焦虑都可以烟消云散了。 ,2023-12-25 19:39,0,陕西,m
【】考研名师开导年轻人如何面对社会焦虑时提到，人要学会放下，不要把自己逼得太狠，退一步海阔天空，之前面对的所有焦虑都可以烟消云散了。 ,2023-12-25 19:39,0,北京,m
【】考研名师开导年轻人如何面对社会焦虑时提到，人要学会放下，不要把自己逼得太狠，退一步海阔天空，之前面对的所有焦虑都可以烟消云散了。 ,2023-12-25 19:39,0,陕西,m
【】考研名师开导年轻人如何面对社会焦虑时提到，人要学会放下，不要把自己逼得太狠，退一步海阔天空，之前面对的所有焦虑都可以烟消云散了。 ,2023-12-25 19:39,0,陕西,m
【】考研名师开导年轻人如何面对社会焦虑时提到，人要学会放下，不要把自己逼得太狠，退一步海阔天空，之前面对的所有焦虑都可以烟消云散了。 ,2023-12-25 19:39,0,陕西,f
【】考研名师开导年轻人如何面对社会焦虑时提到，人要学会放下，不要把自己逼得太狠，退一步海阔天空，之前面对的所有焦虑都可以烟消云散了。 ,2023-12-25 19:39,0,陕西,m
【】考研名师开导年轻人如何面对社会焦虑时提到，人要学会放下，不要把自己逼得太狠，退一步海阔天空，之前面对的所有焦虑都可以烟消云散了。 ,2023-12-25 19:39,0,陕西,m
【】考研名师开导年轻人如何面对社会焦虑时提到，人要学会放下，不要把自己逼得太狠，退一步海阔天空，之前面对的所有焦虑都可以烟消云散了。 ,2023-12-25 19:39,0,陕西,f
经典名场面，张雪峰7分钟解读34所考研自主划线院校,2023-12-25 19:34,0,北京,f
为什么越来越多的人选择考研？大家要正视现在的竞争！,2023-12-25 19:33,0,北京,m
考研它不是一个目标,2023-12-25 19:33,0,内蒙古,f
【】考研名师开导年轻人如何面对社会焦虑时提到，人要学会放下，不要把自己逼得太狠，退一步海阔天空，之前面对的所有焦虑都可以烟消云散了。 ,2023-12-25 19:33,36,其他,m
//://:张雪峰参与新知问答策划的回答，感谢邀请。,2023-12-25 19:31,0,其他,f
张雪峰的建议,2023-12-25 19:30,0,山东,f
//:张雪峰参与新知问答策划的回答，感谢邀请。,2023-12-25 19:29,0,北京,m
张雪峰老师把各种专业和院校优劣势分析出来了,2023-12-25 19:18,0,海外,f
张雪峰讲义的视频,2023-12-25 19:14,0,其他,m
董宇辉效应下，张雪峰老师入场了！！张雪峰公司宣布成立雪峰甄选，张雪峰和董宇辉比较，大家更看好谁哦？张雪峰口才估计大家都有所了解，高考填报志愿能说成相声。也有很丰富社会经验，既有文人墨客惆怅和伤感，也有江湖义气豪迈！董宇辉朴实芳华和张雪峰豪迈侠义比较，谁更有钱途？？ 董宇辉效应下，张雪峰老师入场了！！张雪峰公司宣布成立雪峰甄选，张雪峰和董宇辉比较，大家更看好谁哦？张雪峰口才估计大家都有所了解，高考填报志愿能说成相声。也有很丰富社会经验，既有文人墨客惆怅和伤感，也有江湖义气豪迈！董宇辉朴实芳华和张雪峰豪迈侠义比较，谁更有钱途？？ ,2023-12-25 19:09,0,北京,m
张雪峰参与新知问答策划的回答，感谢邀请。,2023-12-25 19:02,0,北京,m
新闻人，你们的专业在哪里，良知在哪里？说张雪峰搞无耻黑红流量，你们这些新闻人在干什么？ ,2023-12-25 19:02,9,台湾,m
转专业电子信息和计算机怎么选，来听听张雪峰老师怎么说。,2023-12-25 19:01,9,北京,m
张雪峰,2023-12-25 18:54,0,北京,f
//:又到了证明张雪峰正确的时刻，中国解放军现在后勤水平是很高的。偶尔吃两口雪或许有，但并非常态。之所以这么写是因为他们新闻专业上学时老师只教了这一种写法。//://:这真不是值得宣传的事，反而是值得检讨的事,2023-12-25 18:54,0,河南,m
张雪峰讲义的视频,2023-12-25 18:52,0,其他,m
,2023-12-25 18:45,0,浙江,m
什么玩意儿叫平均最低月薪？平均月薪还是最低月薪？张雪峰疯狂上分是吧,2023-12-25 18:41,0,北京,m
张雪峰说的没问题 ,2023-12-25 18:39,0,广东,m
张雪峰怎么贬低新闻专业来着只是说了新闻无用吧？我看新闻业哪里没用，不顾事实颠倒黑白可最会了。真实是新闻的生命，这就是个笑话吧。法官有终身责任制，新闻没有，所以媒体小编就能乱说话是吧法官都已经判刑了！一群人证据不看公 张雪峰怎么贬低新闻专业来着只是说了新闻无用吧？我看新闻业哪里没用，不顾事实颠倒黑白可最会了。真实是新闻的生命，这就是个笑话吧。法官有终身责任制，新闻没有，所以媒体小编就能乱说话是吧法官都已经判刑了！一群人证据不看公告不看，反而和新闻媒体一起支持罪犯。惊呆我了……我寻思法院结果还是比小编有权威性的吧。这是在质疑什么呢，法院结果肯定比被告方的一言之词可信啊,2023-12-25 18:35,0,其他,f
//:张雪峰一遍一遍被证明是对的,2023-12-25 18:29,0,浙江,m
2023年我最常互动的人是！我们是互联网上最最好的小伙伴2024与我一起用超光影记录超影像！戳>>，一起来试试吧~,2023-12-25 18:26,1,新疆,f
因为你们的存在，我在仰望星空的同时也在努力成为闪闪发光的人，2024与我一起用超光影记录超影像！,2023-12-25 18:24,0,新疆,f
张雪峰攻略,2023-12-25 18:23,0,浙江,f
来听张雪峰老师讲高中谈恋爱怎么办？,2023-12-25 18:21,4,北京,m
,2023-12-25 18:10,0,福建,m
嘿嘿！我最爱的超话是，在这里和大家一起创造的美好回忆，让新的一年充满温暖和力量，2024与我一起用超光影记录超影像！来分享你最爱的超话吧,2023-12-25 18:10,0,其他,m
张雪峰说的对，新闻为了吸引眼球做这种片面的报道，只会带节奏，还没看到有新闻机构能完整全面的叙述整件事情，只看到了对司法机构和女方的指责 ,2023-12-25 18:03,1,广东,f
广东省排200，华五好专业和清华一般专业中选择，可以考虑清华强基,2023-12-25 18:02,75,其他,m
大学生迷茫？只管努力，剩下交给天意,2023-12-25 18:01,3,北京,m
我尤其支持你！妈的还主流媒体结果中国春节的不敢写，张雪峰有一次证明他说的都对！,2023-12-25 17:57,0,其他,f
又骗别人去读研是吧哈哈哈（太地狱了）您猜为什么下降？ ,2023-12-25 17:54,2,湖南,m
报低了考高了都会很难受,2023-12-25 17:51,0,北京,m
张雪峰是对的 ,2023-12-25 17:49,0,广东,m
张雪峰是对的//:媒体嘛，能干什么人事//://:明明是一个多地联合办案的正面新闻，生生被有些霉体搞成了负面热搜。,2023-12-25 17:49,1,安徽,m
张雪峰悖论：如果你是新闻系的，你反驳他说明你没有新闻素养，不懂传播的本质是迎合巨婴。这就说明他是对的。如果你反驳，等于默认他是对的。 ,2023-12-25 17:48,3,浙江,m
等你三十岁时，别人分数比你低但挣得多多了，你心里能平衡吗？,2023-12-25 17:41,1,北京,m
考研-1 -2 -3分都是常有的，大家要多注意。,2023-12-25 17:31,0,北京,m
很好！两节课都在看视频，还不如出去晒太阳,2023-12-25 17:29,1,其他,f
写出这种标题怪不得张雪峰天天埋汰你们小学语文老师都得骂你 ,2023-12-25 17:18,10,陕西,f
所以张雪峰是对的，现在的新闻媒体就是垃 圾，罔顾事实造谣受害女方，煽动舆论搞对立，昧着良心赚流量。官方通报出来了，还能诬陷受害者，让人受到二次伤害。而且微博本科率确实不高，法盲很多。 ,2023-12-25 17:15,0,重庆,m
发布了头条文章：《考研结束！张雪峰锐评：国内考研卷考生，留学卷家庭！你怎么看？》,2023-12-25 17:12,0,北京,m
张雪峰老师说得对，学新闻的人都…,2023-12-25 17:05,0,江苏,m
选专业决定不了未来，但能决定赛道,2023-12-25 17:01,23,北京,m
张雪峰，开春了 ,2023-12-25 16:59,0,其他,f
每次媒体玩话题，最后都证明张雪峰是对的,2023-12-25 16:57,5,其他,f
→_→//:你这个标题还是起得有点保守了应该是：重病妇女听说张雪峰讲座包治百病，四处借钱凑到门票费用，却只能坐在最后一排，什么也没听到//:新闻头条：张雪峰可怜别人父母，鼓励带病花钱听他讲座,2023-12-25 16:57,1,其他,m
2023苏州网络文化“季季红”展演倒计时3天！和一起，共同期待闪耀时刻！,2023-12-25 16:52,128,江苏,f
张雪峰说的也没错,2023-12-25 16:50,0,北京,m
👉张雪峰谈自考本科🔥在目前社会上，自考毕业证的含金量仅次于统招 ,2023-12-25 16:49,0,其他,f
张雪峰是对的,2023-12-25 16:46,1,其他,f
张雪峰说教育孩子：1.不要太老实了，大声说话，敢于眼神接触2.敢社交，不过于关注同学情感3.学会拒绝不想做的事情4.回击同学的语言攻击5.同学要你的东西，要问他拿什么来换6.遇到委屈第一时间告诉家长7.不要过于在乎老师说的话 ,2023-12-25 16:44,0,黑龙江,f
//:张雪峰一遍一遍被证明是对的,2023-12-25 16:38,0,北京,m
//:想想谁在控制舆论影响力，谁在利用传播渠道的资源进行价值引导，普通人为自己利益发声，如果不能被利用反体制，能给你多少曝光率？,2023-12-25 16:38,0,其他,m
张雪峰是错的，张献忠是对的//:楽//:辣鸡霉体就这种水平了,2023-12-25 16:32,2,其他,f
再一次证明张雪峰说得真对啊 ,2023-12-25 16:26,0,其他,f
滴滴！消息显示：我的年度本命超话是家人们快来，看看你的鸭~2024与我一起用超光影记录超影像！,2023-12-25 16:25,0,其他,m
分享牛哥碎念的微博：张雪峰老师真的太厉害了！他的思路非常独特，能够把各种专业和院校的优劣势都分析得非常透彻。他推荐的专业和院校都是非常有前途和赚钱的，对于想要为孩子规划未来的家长来说，这是一份非常有价值的参考。收藏起来，提前了解，让孩子少走弯路，不给人生留下遗憾。   分享牛哥碎念的微博：张雪峰老师真的太厉害了！他的思路非常独特，能够把各种专业和院校的优劣势都分析得非常透彻。他推荐的专业和院校都是非常有前途和赚钱的，对于想要为孩子规划未来的家长来说，这是一份非常有价值的参考。收藏起来，提前了解，让孩子少走弯路，不给人生留下遗憾。(来自Share微博客户端),2023-12-25 16:23,0,安徽,f
自从张雪峰说了那句话，这帮媒体就在一遍一遍印证：张雪峰是对的！！！,2023-12-25 16:15,0,北京,m
好好好，媒体就这么歪曲事实带节奏是吧，自己给张雪峰送论据还要还要网暴张雪峰是吧，好好好，全都给你举报掉 ,2023-12-25 16:13,5,北京,f
努力意味着什么,2023-12-25 16:05,0,其他,f
大学四年张雪峰,2023-12-25 16:03,0,湖南,f
决定以后的，是持续的学习能力，而不是在于一场考考试，老张巧妙教家长画饼，帮孩子找回自信心。,2023-12-25 15:48,285,甘肃,m
？？？？难道又是张雪峰赢？！//:回复:这些信息新闻报道是一点不提呀这些信息属实的情况下，那这判罚是没问题咯。延伸出另一个点，新闻报道的真实和全面性//:图片评论,2023-12-25 15:46,0,海外,f
左图：媒体报道右图：当地官方报道总之张雪峰继续上分。,2023-12-25 15:40,258,其他,m
//:张雪峰一遍一遍被证明是对的,2023-12-25 15:39,0,北京,f
: 所以 媒体造谣用不用负责？//: 张雪峰一遍一遍被证明是对的//:现在记者都是坐办公室转发的,2023-12-25 15:39,0,贵州,m
,2023-12-25 15:22,0,上海,m
//:。。。。首发是哪？,2023-12-25 15:22,4,其他,m
//:张雪峰持续上分。多来点新闻专业笑话//:啊？？这个我还转了，造这种谣图什么，这群新传人？？//:。。。。首发是哪？,2023-12-25 15:20,0,北京,m
张雪峰持续上分。多来点新闻专业笑话//:啊？？这个我还转了，造这种谣图什么，这群新传人？？//:。。。。首发是哪？,2023-12-25 15:11,0,吉林,m
兼听，现在看起来是媒体报道和实际有出入，还是张雪峰说得对啊//:本来在调查中不能出来说话，刚好有点🔥度提醒一下太太和代理们吧，网售平台不要挂本子名字，公司比个人罚得轻，买明信片送本子不认可，属地原则（哪里发货哪里管，所以注册在歪果没有用）,2023-12-25 15:08,0,上海,f
有的小姐妹问是不是长的好看的医森，技术就不错？啊？！就有这一位：成都小拉皮魏家宾：很多人慕名而去，只是在银子略高，条件允许的小仙女可以考虑收集的这些，包含负面成都邹盛勇、何佳、聂晶莹、成都廖小川、白阭贺、吕婧、成都赵波涛、张雪峰、吕光全有没有失败案例？技术怎么样？咋 有的小姐妹问是不是长的好看的医森，技术就不错？啊？！就有这一位：成都小拉皮魏家宾：很多人慕名而去，只是在银子略高，条件允许的小仙女可以考虑收集的这些，包含负面成都邹盛勇、何佳、聂晶莹、成都廖小川、白阭贺、吕婧、成都赵波涛、张雪峰、吕光全有没有失败案例？技术怎么样？咋样?只要你们想看的，都是可以来问的。,2023-12-25 15:06,1,上海,f
为什么那么多人喜欢张雪峰？其实和刘纪鹏他们是一样的，都是站在底层人民的角度在说话，而不是站在其他角度，像姚振山那样，说“如果散户都挣钱了，那挣谁的钱？”这种又荒唐又资本的话。董宇辉也是一样，为什么那么多人喜欢他？因为除了自身的才华和与众不同以外，很多人在其身上看到了自己的影子， 为什么那么多人喜欢张雪峰？其实和刘纪鹏他们是一样的，都是站在底层人民的角度在说话，而不是站在其他角度，像姚振山那样，说“如果散户都挣钱了，那挣谁的钱？”这种又荒唐又资本的话。董宇辉也是一样，为什么那么多人喜欢他？因为除了自身的才华和与众不同以外，很多人在其身上看到了自己的影子，也看到了自己期待中的自己的样子。在张雪峰、刘纪鹏等人说出真相的时候，往往都会破坏原来固有阶层结构的利益的。所以自然会受到某些人的抵制。,2023-12-25 15:05,40,其他,m
你是说张雪峰吗//:卡扎菲完全没能力不至于，但也就是个教培机构负责招生打鸡血的，最多算是个传销大师，只能说有些地方确实神奇,2023-12-25 15:03,0,其他,m
颂扬苦难除了闪烁人性高光，同时也彰显了不必要的苦难。蠢//:又到了证明张雪峰正确的时刻，中国解放军现在后勤水平是很高的。偶尔吃两口雪或许有，但并非常态。之所以这么写是因为他们新闻专业上学时老师只教了这一种写法。//:这真不是值得宣传的事，反而是值得检讨的事,2023-12-25 15:02,0,上海,m
对于这样的孩子，选对专业很重要,2023-12-25 15:01,22,北京,m
//://://:别走上美国娱乐化、偶像化犯罪分子的邪路，如果不是监管，我十分怀疑这些人要给她著书立传，搞点大女主电影电视剧//:气死我了//:这让我毛骨悚然。潜移默化扭曲社会价值。,2023-12-25 14:59,0,北京,m
学新闻成你们这种，还得让人去评论区看网友提供的完整版的话，那张雪峰说的对。 ,2023-12-25 14:58,0,其他,f
教育专业选择张雪峰,2023-12-25 14:54,0,北京,f
张雪峰一遍一遍被证明是对的！,2023-12-25 14:53,1,河北,f
//:张雪峰一遍一遍被证明是对的,2023-12-25 14:52,0,其他,m
再一次印证张雪峰的话是真理新闻学已死,2023-12-25 14:50,8,湖北,f
看这个标题哈哈，所以说国内媒体行业一坨屎，张雪峰是对的,2023-12-25 14:49,0,浙江,m
新浪新闻的这篇报道，把网友都当成傻子吗？全程都是男方母亲的发言，法院判案是要讲究证据的，这种新闻恶意引导言论，搞得法院乱判案一样这就是张雪峰老师说的传媒行业的现状，只管舆论，不管真相,2023-12-25 14:47,30,浙江,m
//:。。。。首发是哪？,2023-12-25 14:43,0,吉林,m
//:张雪峰是少有的他谈论你的专业时你会奇怪卧槽他怎么这么懂。//:先存一下，回头我高考用,2023-12-25 14:41,0,福建,m
无语了，张雪峰说得对，媒体睁眼说瞎话、颠倒黑白的本事真强！不听法院不听警察，听男方一面之词！笑死了 ,2023-12-25 14:37,64,上海,f
张雪峰开展巡河工作12月21日，区长、总河长张雪峰对细河建设桥至三一八桥段开展巡河工作。区政府办、区农业农村局、红树街道及区河长办相关负责同志陪同调研。张雪峰要求，各级河长要持续强化宣传引导，加强对治水护河知识的宣传力度，进一步提高沿河 张雪峰开展巡河工作12月21日，区长、总河长张雪峰对细河建设桥至三一八桥段开展巡河工作。区政府办、区农业农村局、红树街道及区河长办相关负责同志陪同调研。张雪峰要求，各级河长要持续强化宣传引导，加强对治水护河知识的宣传力度，进一步提高沿河居民及企业的环保意识，加快实现群众关心、支持、参与、监督的“河长制”工作格局，为开展好“河长制”工作营造良好氛围。同时，区河长办要加强与市河长办和其他县区的交流学习，扎实开展各项工作，推动河长制工作取得新突破。,2023-12-25 14:30,0,辽宁,f
张雪峰说的没错，这就是新闻学。真正去了解案件后，才能知道法院判的没有错。今年已经有多起强奸案被法院判为证据不足不予立案，这件立案并判决绝对有充足的证据证明男的强奸女的了，当时这件事还闹上了热搜，没想到几个月过去一边倒，还有人说法官偏袒男的？搞笑吧。 ,2023-12-25 14:28,14,河南,f
//:张雪峰高考前黑过新闻专业，相关人士不服，后来一遇到歪曲报道，就是张雪峰上分时刻，这说明暴论也是一种资产//:张雪峰又上分什么意思,2023-12-25 14:22,0,北京,m
回复:说的太对了！！//:张雪峰一遍一遍被证明是对的,2023-12-25 14:22,0,辽宁,m
听听作为文科生的潮妈怎么评价张雪峰事件。,2023-12-25 14:21,0,上海,m
//:又到了证明张雪峰正确的时刻，中国解放军现在后勤水平是很高的。偶尔吃两口雪或许有，但并非常态。之所以这么写是因为他们新闻专业上学时老师只教了这一种写法。//://:这真不是值得宣传的事，反而是值得检讨的事,2023-12-25 14:17,0,北京,m
这事儿还要问张雪峰//:32家媒体参与报道冲上热搜，你们猜有谁会道歉？,2023-12-25 14:13,0,北京,m
人间真实张雪峰，直言学习才是最简单的事儿。学习很简单，竟争很残酷。祝大家考研成功上岸，为祖国奉献才华。,2023-12-25 14:11,1,广东,m
//:张雪峰一遍一遍被证明是对的,2023-12-25 14:10,0,广东,m
//:张雪峰一遍一遍被证明是对的,2023-12-25 14:06,0,广西,m
张雪峰要封神成圣吗？//:。。。。首发是哪？,2023-12-25 14:05,0,辽宁,m
好的ys技术加审美缺一不可！有的是真搞笑哈！啥技术没有，赢销水平倒是一个比一个牛？张雪峰（人气y生，很多人慕名而去，条件允许的小仙女可以考虑）罗通贵（风格夸张，变化整体比较大） ,2023-12-25 14:04,0,上海,f
所以张雪峰说的真没错，人家郑强2022年接受采访，原话是说“组织明确再干三年，现在已经一年半了”。妈的媒体人真的没几个有道德的,2023-12-25 14:03,0,其他,m
//://:转发微博,2023-12-25 13:58,0,江苏,m
//:张雪峰是少有的他谈论你的专业时你会奇怪卧槽他怎么这么懂。//:先存一下，回头我高考用,2023-12-25 13:57,0,广东,m
//:又到了证明张雪峰正确的时刻，中国解放军现在后勤水平是很高的。偶尔吃两口雪或许有，但并非常态。之所以这么写是因为他们新闻专业上学时老师只教了这一种写法。//://:这真不是值得宣传的事，反而是值得检讨的事,2023-12-25 13:52,4,北京,m
张雪峰来了开始回温了,2023-12-25 13:48,0,辽宁,f
张雪峰是对的,2023-12-25 13:46,0,香港,m
集美问腿叔成都隆胸医生何一波和魏家宾哪个技术好？脂肪和假体胸都有考虑。何脂肪和假体都在做，也做的还比较好，另外找何还有3000点名费。魏案例多，专门找他做的姐妹也有很多，反馈褒贬不一成都丰胸医生：张雪峰、唐勇、罗通贵、宋晓东、潘红伟技术反馈都🉑问集美问腿叔成都隆胸医生何一波和魏家宾哪个技术好？脂肪和假体胸都有考虑。何脂肪和假体都在做，也做的还比较好，另外找何还有3000点名费。魏案例多，专门找他做的姐妹也有很多，反馈褒贬不一成都丰胸医生：张雪峰、唐勇、罗通贵、宋晓东、潘红伟技术反馈都🉑问噢,2023-12-25 13:44,1,福建,f
嗯，一看你就是个文科学霸，服务行业精英,2023-12-25 13:43,0,黑龙江,m
//:气死我了//:这让我毛骨悚然。潜移默化扭曲社会价值。,2023-12-25 13:43,0,其他,m
张雪峰是少有的他谈论你的专业时你会奇怪卧槽他怎么这么懂。//:先存一下，回头我高考用,2023-12-25 13:43,3,海外,m
有点好奇，他们四个一起参加辩论的话，最后赢的会是谁？,2023-12-25 13:42,8,其他,f
发布了头条文章：《考研结束！张雪峰锐评：国内考研卷考生，留学卷家庭！你怎么选？》,2023-12-25 13:41,0,江苏,f
//:张雪峰,2023-12-25 13:31,0,西藏,m
《张雪峰： 经常对孩子说这五句话，相信孩子很快会开窍！  第一句，告诉孩子，学习的本质是自》浏览量：194万点赞量：3278,2023-12-25 13:29,0,广东,f
有些伊森翻车很盐重！搞失败了！不仅心里堵得慌，还要2修(整理了）张雪峰、罗通贵（鼻再造牛p，审美不咋滴，修复做得多，侧面还行，技术没得说）.. ,2023-12-25 13:27,0,江苏,m
张雪峰又上分了，恶臭媒体又开始带节奏了。本来这个案例是个run失败的典型案例，报道原文称：「钱也花光了，身份也没着落，每天愁得发疯，但内心又极度平静，有一种终于蜕完皮的快感」就是几年的时间被芬兰白嫖了，身份也没拿到，钱也花光了。结果却出来这么一个热搜，你这热搜标 张雪峰又上分了，恶臭媒体又开始带节奏了。本来这个案例是个run失败的典型案例，报道原文称：「钱也花光了，身份也没着落，每天愁得发疯，但内心又极度平静，有一种终于蜕完皮的快感」就是几年的时间被芬兰白嫖了，身份也没拿到，钱也花光了。结果却出来这么一个热搜，你这热搜标题党下去，那些成天把北欧当精神祖国的小垃圾不得直接高潮了？现在一些人崇洋媚外以为国外什么都好，有些天天想着精神祖国结果连签证都拿不到，为啥拿不到还不清楚吗？人家国家也不想要垃圾呀西方国家利用一些中国人的崇洋媚外就搞两条战略：让你中产有钱阶级都run外国，然后让你底层内乱,2023-12-25 13:22,1351,天津,m
//:张雪峰是对的//:是的，媒体人都喜欢在零下七度的天气里露天吃烧烤,2023-12-25 13:18,0,其他,m
//:张雪峰,2023-12-25 13:17,0,其他,m
//:哎，飞盘……哎，远程养殖……哎，梅体仁……,2023-12-25 13:15,1,山东,f
为什么四大这种会计师事务所，在张雪峰那里地位那么高？不是很理解…… ,2023-12-25 13:13,0,北京,m
//:郭帆，大刘，吴京，张雪峰配享太庙。,2023-12-25 13:07,0,海外,m
//://:张雪峰是对的～杭城某老牌交通广播的公号内容一直如此博眼球丧心病狂//:水哥你瞅瞅啥啊这,2023-12-25 13:07,0,其他,m
我从不觉得同学们必须要考研,2023-12-25 13:01,1,北京,m
//:张雪峰再上分。,2023-12-25 13:00,0,山东,m
张雪峰说:“如果你是一个内向老实的孩子，千万不能掉入社会底层，一旦掉入社会底层，和一帮没有素质的底层人在一起，就会成为别人欺负的对象。”如果你是个内向老实的人，家里又没什么背景，一定要好好读书，考个好大学，再找个好工作，这样你的人生就会很稳。、对于内向老实的孩子，我们担心的就是 张雪峰说:“如果你是一个内向老实的孩子，千万不能掉入社会底层，一旦掉入社会底层，和一帮没有素质的底层人在一起，就会成为别人欺负的对象。”如果你是个内向老实的人，家里又没什么背景，一定要好好读书，考个好大学，再找个好工作，这样你的人生就会很稳。、对于内向老实的孩子，我们担心的就是“没家底却有家教，”他们尊重规则，道德感比较强，如果不好好读书，落到社会底层，和一帮没有素质的人在一起，会被很多人当成“软柿子”捏。这个社会就是这样，越是层次低的人，认知和受教育程度越有限，他们对待别人也越容易仗势欺人。在生活的最底层，无 知、愚 昧、嫉 恨、使坏，这些并非单纯语言的抨 击，而是绝大程度上的事实。在底层，那些社会阴暗面更为真切立体，所有的勾心斗角、尔虞我诈，都被放大无数倍，有些人为了生存资源，会丧失底线，人格扭曲。我们常说:“人分三六九等，下等人踩人，中等人帮人，上等人捧人。”当你在上层时，尊重规则是生存之道;当你处于下层时，老实内向的人，就会被人叫傻，而别人的狡猾，就会被叫做聪明，现实就是这样惨不忍睹。,2023-12-25 12:52,1,浙江,f
//://://:张雪峰能揭开这层画皮，很了不起,2023-12-25 12:45,0,广东,m
《张雪峰：高中阶段就是坚持下去！能坚持你离成功就近了》播放量：1767点赞量：74,2023-12-25 12:45,0,江苏,m
//:浙江是草莓大省。建德奶油草莓全国有名。新草莓上市季节，杭州卫健委的新媒体小编拆自家草莓的台，感觉这已经不止是“丧心病狂”的问题了。//:张雪峰是对的～杭城某老牌交通广播的公号内容一直如此博眼球丧心病狂,2023-12-25 12:26,0,上海,f
《张雪峰：高中阶段就是坚持下去！能坚持你离成功就近了》播放量：1767点赞量：74,2023-12-25 12:20,0,江苏,m
张雪峰说，不要把孩子培养得太过老实，而是要教给他们七句话。首先，要大声说话，并勇敢地与人眼神接触。其次，不要害怕社交，也不要过分关注同学之间的感情。第三，学会拒绝不想做的事情，即使对方是老师也不能例外。第四，如果同学说你，可以直接回击。第五，如果有人想要你的东西，不要犹 张雪峰说，不要把孩子培养得太过老实，而是要教给他们七句话。首先，要大声说话，并勇敢地与人眼神接触。其次，不要害怕社交，也不要过分关注同学之间的感情。第三，学会拒绝不想做的事情，即使对方是老师也不能例外。第四，如果同学说你，可以直接回击。第五，如果有人想要你的东西，不要犹豫，直接问他：“你想用什么来交换？”第六，如果受到委屈，第一时间告诉父母，他们会永远支持你。最后，不要太在意老师对你的评价。这些都是教育孩子的重要感悟。我们应该鼓励孩子勇敢表达自己，接纳他们不优秀的一面，教导他们如何处理不公平待遇。,2023-12-25 12:12,0,其他,m
张雪峰经典问答～努力VS起点,2023-12-25 12:09,0,浙江,f
张雪峰老师直播连线，为家长详细解答专业,2023-12-25 12:08,19,其他,m
刘亦菲去有风的地方一小朋友说了句不要听张雪峰胡言八道，真张雪峰急了,2023-12-25 12:04,370,上海,f
越长大越觉得那个老师张雪峰说的是没错的，我们应该提升自己的一个文字能力真的是到哪里都需要，你有很好的文案能力那时候随口能说出一些好的文章，更好的语句都会觉得特别美好。 ,2023-12-25 12:00,0,其他,f
//:张雪峰是对的～杭城某老牌交通广播的公号内容一直如此博眼球丧心病狂//:水哥你瞅瞅啥啊这,2023-12-25 11:59,0,北京,m
所以关草莓什么事//:张雪峰是对的～杭城某老牌交通广播的公号内容一直如此博眼球丧心病狂//:水哥你瞅瞅啥啊这,2023-12-25 11:55,0,广西,m
《张雪峰鼓吹计算机专业，很多家长给孩子报少儿编程培训，被骗惨了》播放量：1.9万点赞量：1171,2023-12-25 11:53,1,四川,m
前两天就有小可爱在讲，以为自己对比好的很不错的一位，实际发现是包装的。得看的细一些，比如：就例如这个：成都傲诺拉魏家宾：效果自然，j体边缘不明显就说说这些吧：成都美辰星耀谢良波、成都圣丹福张雪峰、成都美容赖明忠、四川晶肤陈国双怎么样呢？技术怎么样？怎么样？可问可查可对 前两天就有小可爱在讲，以为自己对比好的很不错的一位，实际发现是包装的。得看的细一些，比如：就例如这个：成都傲诺拉魏家宾：效果自然，j体边缘不明显就说说这些吧：成都美辰星耀谢良波、成都圣丹福张雪峰、成都美容赖明忠、四川晶肤陈国双怎么样呢？技术怎么样？怎么样？可问可查可对比。,2023-12-25 11:53,1,北京,f
我都坚持戴3年口罩了，这是在？//:张雪峰配享太庙～,2023-12-25 11:51,0,其他,f
去年上热搜，今年上两次热搜，半年一次，还是同一家媒体发布，喔哟哟，现在国内的新闻媒体能不能有点职业素质，外贸制造业咋样了，房价咋样了，猪肉跌了这些国计民生的东西才是你们媒体行业应该关注的吧！真不怪人家张雪峰！ ,2023-12-25 11:42,0,四川,f
,2023-12-25 11:42,0,其他,f
张雪峰老师批新闻专业不是人读的。老师诚不欺我也！,2023-12-25 11:37,0,浙江,f
//:理解张雪峰，成为张献忠,2023-12-25 11:35,0,北京,m
张雪峰老师配享太庙,2023-12-25 11:29,0,上海,f
张雪峰说，不要把孩子培养得太过老实，而是要教给他们七句话。首先，要大声说话，并勇敢地与人眼神接触。其次，不要害怕社交，也不要过分关注同学之间的感情。第三，学会拒绝不想做的事情，即使对方是老师也不能例外。第四，如果同学说你，可以直接回击。第五，如果有人想要你的东西，不要犹 张雪峰说，不要把孩子培养得太过老实，而是要教给他们七句话。首先，要大声说话，并勇敢地与人眼神接触。其次，不要害怕社交，也不要过分关注同学之间的感情。第三，学会拒绝不想做的事情，即使对方是老师也不能例外。第四，如果同学说你，可以直接回击。第五，如果有人想要你的东西，不要犹豫，直接问他：“你想用什么来交换？”第六，如果受到委屈，第一时间告诉父母，他们会永远支持你。最后，不要太在意老师对你的评价。这些都是教育孩子的重要感悟。我们应该鼓励孩子勇敢表达自己，接纳他们不优秀的一面，教导他们如何处理不公平待遇。,2023-12-25 11:19,0,其他,f
张雪峰说过，文科的都是服务业，我觉得说的没毛病。现在干啥不是服务业🙊 ,2023-12-25 11:17,0,其他,f
"有的小姐妹问是不是长的好看的医森，技术就不错？啊？！可别小看这位哦：成都丰胸张雪峰：面诊很细心，风格属于自然保守型,不会做得太夸张看这些了吗？艾剑英、董茂林、韩忠辉、张雪峰、杨迪、常双模、陈辉、肖海涛、金志昱、陈强做的好吗？经验丰富吗？集美们有想要了解的，来问就行了。 有的小姐妹问是不是长的好看的医森，技术就不错？啊？！可别小看这位哦：成都丰胸张雪峰：面诊很细心，风格属于自然保守型,不会做得太夸张看这些了吗？艾剑英、董茂林、韩忠辉、张雪峰、杨迪、常双模、陈辉、肖海涛、金志昱、陈强做的好吗？经验丰富吗？集美们有想要了解的，来问就行了。",2023-12-25 11:15,1,北京,f
我宣布！张雪峰你真的配享太庙啊啊！！！  ,2023-12-25 11:10,5,宁夏,f
//:想想谁在控制舆论影响力，谁在利用传播渠道的资源进行价值引导，普通人为自己利益发声，如果不能被利用反体制，能给你多少曝光率？,2023-12-25 11:08,0,江苏,f
张献忠是对的//:,2023-12-25 11:04,0,福建,m
艹//:浙江是草莓大省。建德奶油草莓全国有名。新草莓上市季节，杭州卫健委的新媒体小编拆自家草莓的台，感觉这已经不止是“丧心病狂”的问题了。//:张雪峰是对的～杭城某老牌交通广播的公号内容一直如此博眼球丧心病狂,2023-12-25 11:02,0,浙江,m
张雪峰说考研就业的视频,2023-12-25 10:58,0,其他,m
我突然想起看张雪峰老师连线家长的一幕，家长笑嘻嘻地说高中生孩子因为怕被生物老师再打所以先做生物再做其它科目，我的心情和张老师的震惊脸表达了一个意思：中国的家长到底要在哪一年才能【进化到】无条件站在自己的孩子背后保护他们！保护他们！！ ,2023-12-25 10:53,0,海外,m
//:气死我了//:这让我毛骨悚然。潜移默化扭曲社会价值。,2023-12-25 10:51,0,浙江,f
【考研政治简单”上热搜，张雪峰提醒】12月23日，2024年全国硕士研究生招生考试拉开帷幕。一大早，“图书馆空了”便冲上了热搜第一。,2023-12-25 10:51,1,江苏,f
张雪峰,2023-12-25 10:47,0,山东,m
有人说，张雪峰给高中生说的10句话很实在，要是过去没看到，现在看到都不晚！1、高考是你一生中，是可以改变命运的最佳机会！它独特有两点：一是成败由你掌握，二是相对来说它最公平。2、高中三大主科：语数英！你最低要考300分，不然无缘一本。如果你要上985，三门主科要考360分，三门副科都得上8 有人说，张雪峰给高中生说的10句话很实在，要是过去没看到，现在看到都不晚！1、高考是你一生中，是可以改变命运的最佳机会！它独特有两点：一是成败由你掌握，二是相对来说它最公平。2、高中三大主科：语数英！你最低要考300分，不然无缘一本。如果你要上985，三门主科要考360分，三门副科都得上80分。3、高中生考大学，公认的三大阻碍：玩手机，谈恋爱，叛逆期。4、每次模拟考试的成功或失利，并不能代表你的高考水平。但你记住：运气与状态决定你的上限，但实力决定你的下限！5、高中英语3600单词都认不全，英语不可能考120分！还有，你买菜的时候确实用不上英语，但是它能决定你在哪儿买菜。6、高中生记住：不要迷信刷题，更不能不刷题！什么意思? 不要假努力只刷会的题，应该多刷不会的题。因为做题数量跟分数没有关系，质量跟分数才有关系！7、一般来说，任课老师会陪你三年！别讨厌她，更不要因为她，不喜欢她教的的科目。另外，老师不是魔鬼，所以别害怕问老师题目。8、高中没必要搞人际关系，优生没时间，差生爱成群！你问问爸爸妈妈，有多少高中同学还有联系？9、身体是学习的本钱！特别是高三后期。学业的压力，让很多弱不禁风的优生，总是因为生病，三天两头请假。所以，学会劳逸结合！坚持适度原则，该学习时就心无旁骛，该休息时就卸下包袱，跑跑步，打打球。10、三年高中，一千个日夜。学业压力，同学相处，未来憧憬。你心里有想法，或者有困难时候，可以找父母或者老师倾诉。一是说出来，比闷在心里更舒服。二是父母老师都会尽力帮你度过难关。,2023-12-25 10:46,52,福建,f
张雪峰老师想了想说， “学文科…很好，是根据客户心理提供情绪价值的工作”。俺：中文博大精深 ,2023-12-25 10:45,0,北京,f
张雪峰老师真的太厉害了,2023-12-25 10:39,0,甘肃,f
【🐰】 刘亦菲的那部剧去有风的地方，小朋友：不要听张雪峰胡说八道。张雪峰：小朋友你考研吗？这算是张雪峰去有风的地方意外联动吗？ ,2023-12-25 10:29,217,上海,f
,2023-12-25 10:27,0,陕西,m
张雪峰又上分系列。明明原因是非法出版并获利千万，非要用“女”“研究生”“黄书”来引导。不过确实这样更有热度呢。呵呵。 ,2023-12-25 10:20,0,其他,m
复式的笔试怎么过?来来来，张雪峰老师教你哦～,2023-12-25 10:18,199,甘肃,m
世界上没有绝对的善人与恶人，就算喜欢老师，但是他是你的老师，能决定你以后登多大的平台，人该服软的时候要学会服软,2023-12-25 10:18,143,甘肃,m
安徽孩子在吉林上大学，嫌天气冷总生病，老张：你身体不好多锻炼,2023-12-25 10:13,13,其他,m
司马标题党，张雪峰疯狂分,2023-12-25 10:12,0,广东,m
张雪峰谈钱途最好的专业,2023-12-25 10:04,3,辽宁,f
张雪峰：这社会有两种地位，我们努力的的意义在于让身边的人能过的轻松,2023-12-25 10:01,7,上海,m
//:想想谁在控制舆论影响力，谁在利用传播渠道的资源进行价值引导，普通人为自己利益发声，如果不能被利用反体制，能给你多少曝光率？,2023-12-25 09:54,0,上海,m
每个土象都这么做的，起码我身边的，真的每一个都这样😂，好奇土象还去听张雪峰的吗？现实打手活法。预约私信,2023-12-25 09:53,0,其他,m
"天呐！太厉害了！张雪峰老师把高考志愿填报十大铁律给大家整理出来了：铁律一：普通家庭靠自己，优选医学、军校、师范生。铁律二：富裕家庭子承父业，首选金融、经济和管理。铁律三：毕业想高薪起步，名校电子通信、计算机。铁律四：人工智能大数据，名校师资有保障。铁律五：如无名校之能，莫进 天呐！太厉害了！张雪峰老师把高考志愿填报十大铁律给大家整理出来了：铁律一：普通家庭靠自己，优选医学、军校、师范生。铁律二：富裕家庭子承父业，首选金融、经济和管理。铁律三：毕业想高薪起步，名校电子通信、计算机。铁律四：人工智能大数据，名校师资有保障。铁律五：如无名校之能，莫进经管之院。铁律六：""生、化、环、材""慎选择，不读硕博莫接触。铁律七：农林、地矿、石油和土建，风雨野外常相伴。铁律八：艺术之路费钱又费力，天赋、人脉、运气皆需备。铁律九：医学法学路漫漫，学成自有好前程；法学还要拼证书。铁律十：天才之志在改变世界，平凡之人求一份好工作；认清自己最重要。",2023-12-25 09:53,0,其他,f
张雪峰所言非虚//:张雪峰再上分。,2023-12-25 09:44,0,天津,m
"天呐！太厉害了！张雪峰老师把高考志愿填报十大铁律给大家整理出来了：铁律一：普通家庭靠自己，优选医学、军校、师范生。铁律二：富裕家庭子承父业，首选金融、经济和管理。铁律三：毕业想高薪起步，名校电子通信、计算机。铁律四：人工智能大数据，名校师资有保障。铁律五：如无名校之能，莫进 天呐！太厉害了！张雪峰老师把高考志愿填报十大铁律给大家整理出来了：铁律一：普通家庭靠自己，优选医学、军校、师范生。铁律二：富裕家庭子承父业，首选金融、经济和管理。铁律三：毕业想高薪起步，名校电子通信、计算机。铁律四：人工智能大数据，名校师资有保障。铁律五：如无名校之能，莫进经管之院。铁律六：""生、化、环、材""慎选择，不读硕博莫接触。铁律七：农林、地矿、石油和土建，风雨野外常相伴。铁律八：艺术之路费钱又费力，天赋、人脉、运气皆需备。铁律九：医学法学路漫漫，学成自有好前程；法学还要拼证书。铁律十：天才之志在改变世界，平凡之人求一份好工作；认清自己最重要。",2023-12-25 09:42,2,四川,f
真是痛苦了想起张雪峰讲过冻鼻子的段子了,2023-12-25 09:34,0,河北,m
《张雪峰： 经常对孩子说这五句话，相信孩子很快会开窍！  第一句，告诉孩子，学习的本质是自》浏览量：179万点赞量：3058,2023-12-25 09:32,0,辽宁,m
山东没那么冷，但是零下肯定是有的。撒比才坐在零下的室外吃烧烤。坐室内吃吃火锅他不暖和吗？//:可以让文章作者在零下20度的室外坐几个小时试试//:你们发出的每一条新闻，都在证明张雪峰是多么的正确！,2023-12-25 09:31,0,北京,m
传媒专业。。。张雪峰老师说不要上的那个专业//:非常同意，所谓传媒人的文科背景 ，在逻辑，数理，批判性思维方面，深度思考和判断，甚至提问的能力太弱，而主观“表现”的意愿太强,2023-12-25 09:22,0,北京,m
别的媒体发也就算了也这样发，对老百姓的误导更大啊！//:张雪峰是对的～杭城某老牌交通广播的公号内容一直如此博眼球丧心病狂//:水哥你瞅瞅啥啊这,2023-12-25 09:18,0,北京,m
先收藏一下张雪峰的建议,2023-12-25 09:16,0,河北,f
//:张雪峰是对的～杭城某老牌交通广播的公号内容一直如此博眼球丧心病狂//:水哥你瞅瞅啥啊这,2023-12-25 09:14,0,北京,m
我在想，对于相当一部分认为陶勇在女儿生日的做法没问题的男性，他们内心可能也向往成为陶勇这样的父亲。那他们肯定很讨厌张雪峰这种父亲，因为他太爱太宠溺女儿了，把女儿当小公主一样。 ,2023-12-25 08:43,77,海外,m
老天爷，昨晚在梦里和张雪峰谈恋爱，真是太甜了……醒来回味无穷…… ,2023-12-25 08:20,9,上海,f
这段话张雪峰说孩子能听，家长说孩子就不一定听//:不仅是职业规划老师，更是人生方向引导老师。能得到他指点的孩子真是幸运,2023-12-25 08:13,0,黑龙江,f
二月兰花海（使用App创作）,2023-12-25 08:06,0,黑龙江,m
张雪峰被称为考研届的相声演员,2023-12-25 07:59,5,香港,m
张雪峰说，不要把孩子培养得太过老实，而是要教给他们七句话。首先，要大声说话，并勇敢地与人眼神接触。其次，不要害怕社交，也不要过分关注同学之间的感情。第三，学会拒绝不想做的事情，即使对方是老师也不能例外。第四，如果同学说你，可以直接回击。第五，如果有人想要你的东西，不要犹 张雪峰说，不要把孩子培养得太过老实，而是要教给他们七句话。首先，要大声说话，并勇敢地与人眼神接触。其次，不要害怕社交，也不要过分关注同学之间的感情。第三，学会拒绝不想做的事情，即使对方是老师也不能例外。第四，如果同学说你，可以直接回击。第五，如果有人想要你的东西，不要犹豫，直接问他：“你想用什么来交换？”第六，如果受到委屈，第一时间告诉父母，他们会永远支持你。最后，不要太在意老师对你的评价。这些都是教育孩子的重要感悟。我们应该鼓励孩子勇敢表达自己，接纳他们不优秀的一面，教导他们如何处理不公平待遇。,2023-12-25 07:46,0,北京,m
张雪峰老师把大学四年的最佳安排都整理出来了！赶紧收藏！ ,2023-12-25 07:43,0,甘肃,f
张雪峰,2023-12-25 07:35,0,上海,m
只能说张雪峰持续上分 ,2023-12-25 07:15,0,辽宁,f
张雪峰大学四年最佳安排,2023-12-25 07:10,0,湖北,f
这一刻他们拾起了多少人的读书梦 .董宇辉 .撒贝宁 .张雪峰 .罗翔 .李雪琴 ..,2023-12-25 07:01,1,浙江,m
张雪峰老师,2023-12-25 07:00,0,其他,m
为什么之前很多人喜欢张雪峰，现在却很讨厌？ ,2023-12-25 07:00,3,其他,f
,2023-12-25 06:55,0,江苏,m
张雪峰专业,2023-12-25 06:54,0,河北,m
张雪峰//:转发微博,2023-12-25 06:46,0,其他,m
,2023-12-25 06:19,0,四川,m
它们在反复证明//:浙江是草莓大省。建德奶油草莓全国有名。新草莓上市季节，杭州卫健委的新媒体小编拆自家草莓的台，感觉这已经不止是“丧心病狂”的问题了。//:张雪峰是对的～杭城某老牌交通广播的公号内容一直如此博眼球丧心病狂,2023-12-25 06:13,0,上海,f
当初要是有张雪峰指导高考填报志愿或者考研就好了。这个时代的信息差真的太重要了，农村人坐井观天，眼界带来的认知狭隘，真的是太可怕了。真的庆幸自己年轻的时候尽管没有考上好的专业，但是起码努力过了，也很有勇气走出舒适区考研转博什么的。希望以后找个好工作吧，咱就是说。 ,2023-12-25 05:37,0,其他,m
张雪峰老师配享太庙！专业选择最全整理来了，太厉害了！赶紧收藏！ ,2023-12-25 04:43,0,河北,m
哈哈哈哈哈电商判官罗永浩  一开始有点错怪罗哥了道歉,2023-12-25 04:08,0,其他,m
哈哈哈哈哈电商判官罗永浩  一开始有点错怪罗哥了道歉,2023-12-25 04:06,0,山东,m
张雪峰说，不要把孩子培养得太过老实，而是要教给他们七句话。首先，要大声说话，并勇敢地与人眼神接触。其次，不要害怕社交，也不要过分关注同学之间的感情。第三，学会拒绝不想做的事情，即使对方是老师也不能例外。第四，如果同学说你，可以直接回击。第五，如果有人想要 张雪峰说，不要把孩子培养得太过老实，而是要教给他们七句话。首先，要大声说话，并勇敢地与人眼神接触。其次，不要害怕社交，也不要过分关注同学之间的感情。第三，学会拒绝不想做的事情，即使对方是老师也不能例外。第四，如果同学说你，可以直接回击。第五，如果有人想要你的东西，不要犹豫，直接问他：“你想用什么来交换？”第六，如果受到委屈，第一时间告诉父母，他们会永远支持你。最后，不要太在意老师对你的评价。这些都是教育孩子的重要感悟。我们应该鼓励孩子勇敢表达自己，接纳他们不优秀的一面，教导他们如何处理不公平待遇。(总裁精粹),2023-12-25 03:12,1,北京,m
张雪峰老师选专业分析,2023-12-25 03:02,0,四川,f
,2023-12-25 02:47,6,其他,f
可不要霞看野生工课案例了，好多很会搞忽悠吴江山（吸收慢，效果自然）张雪峰（腿相对比较多，部分案例还不错，有的一般，审美比较中式）,2023-12-25 02:39,0,湖南,f
其实一直很焦虑，不是因为期末考试，期末考试算个屁，这一年真的卷，和家人呆的时间不超过半个月，暑假仅仅和家人呆了一个星期，很想家，压力很大不过大晚上看到这个，确实很好笑！！！,2023-12-25 02:13,0,河南,f
我们本来就是教育先于产业先行，进行专业规划，而现在又不完全不是计划经济年代，总有调节失灵的时候//:所以张雪峰存在的意义就是通过市场来调节招生，既然行政命令不管用那就用市场来调节,2023-12-25 01:18,0,黑龙江,m
张雪峰恐怕要失望了，可能这次真的会让他给说中了。有个宁夏高三的学生连到了张雪峰，孩子说因为他感冒了，所以请假在家，看张雪峰的直播，然后居然连上了张雪峰。这个孩子说，其实之前他连过一次张雪峰，当时他考了521，而这次考试，他考了542，排名从24到11了。然后之前连到的那次，张雪峰推荐他 张雪峰恐怕要失望了，可能这次真的会让他给说中了。有个宁夏高三的学生连到了张雪峰，孩子说因为他感冒了，所以请假在家，看张雪峰的直播，然后居然连上了张雪峰。这个孩子说，其实之前他连过一次张雪峰，当时他考了521，而这次考试，他考了542，排名从24到11了。然后之前连到的那次，张雪峰推荐他学计算机或电子信息。于是孩子便去问自己的老师，然后他老师告诉他说，现在企业招人都要招985、211的。但张老师你给我推荐的那个四电四邮，好像没有985、211的。所以以后如果企业招人的话，是不是都是只要985、211的，不会去四电四邮招聘呢？张雪峰听罢，问道，那同学你觉得那些不是985、211的大学生，他们都去哪了？孩子听罢，没有直接回答张雪峰的问题，而是说道，我是家里可能能考上大学的第一个人，所以对这个也不太了解。然后我们老师说，能上985、211，还是尽量上985、211。张雪峰听罢，意味深长的说道，那你可以信他的。孩子没有直接回答，还是继续问道，我就是想问一下，企业真的就只招985、211的，不招其他学校的吗？张雪峰见状，答道，不是，绝对不是。孩子听罢，惊讶的问道，是吗，真的吗？然后他又继续说他的英语不太好，从小就对英语不太感冒，不过最近英语从60多分提到80多分。然后现在他老师也让他好好学英语，说能把英语从60多分提到100多分，就更好了。现在我就是想问一下，当时你给我推荐的四电四邮，那如果我能把英语从60分提到100分，我还有更多的选择吗？张雪峰听罢，说道，同学，四电四邮也有分高分低的，你那个分是四电四邮的底限，而四电四邮的上限，你可能还够不到。我给你举个简单的例子。四个电子科技大学，从成都电子科大，到西安电子科大，杭州电子科大，桂林电子科大，他在你们省的话，这四个电子科大的分数最大差距可能有100分。你如果家庭条件不太好的话，我可以告诉你，这几个学校的这种专业毕业以后，他的起薪是很不错的。孩子听罢，问道，那一个月能有六七千吗？张雪峰听罢，问道，六七千？你要是西电的话，你是五五西电。孩子听罢，说道，我们家人说电气啥的也行，电气怎么样呢？张雪峰答道，电气也不错，但是电气他的底限高，上限不太高。我给你举个例子，电气，如果说你上到一个比较好的学校，你能够进入到国家电网公司，你的底线在怎么着，可能也不会低于20个w。但是你学了电气，你说你要突破40个w，那比较难。但是你学了像电子信息这种专业的话，你的底线可能会低于20个w，但上限就不好说，没法说。孩子听罢，说道，这样啊，明白了。然后孩子又问道，老师，你不是推荐我学电子信息和计算机吗，那这两个有什么区别呢？张雪峰答道，计算机是纯软件，电子信息是硬件加软件。孩子听罢，说道，我的数学也就120多分，这些专业能学吗？张雪峰答道，能学。孩子继续问到，我比较偏向于那种动手能力强，实践性强的专业。张雪峰答道，那电子信息你更适合。孩子听罢，说道，因为我家没有电脑，父母也没接触过电脑，所以我不知道到时会不会学不明白。张雪峰听罢，说道，孩子，电子信息很适合你，我再说句不是很恰当的话啊，我从小也没有接触过报志愿，但也不影响我现在的成就。所以孩子你不要说因为你从小没有接触过什么东西，学的比别人晚，就害怕。怕的是你比别人晚，你就自暴自弃，你就放弃。所以你不要觉得说，我高中段，可能家里条件没那么好，没接触过编程，起步晚，就怎样怎样。你要知道，在时间面前，一切技术壁垒都是纸老虎。所以，这个你不用有所顾虑。在张雪峰与这个孩子连麦结束以后，张雪峰担忧的说道，我十分担心这个孩子将来报志愿时，会被他的老师说服，报到211，甚至985的其他边缘专业，十分担心。其实，张雪峰的担心太正常了。因为这个孩子可能还小，不知道学校的一些规则，但已经大学毕业的，了解学校的规则的都知道，这里面的坑太深了。因为有些学校他是有kpi的，有考核的，你能考985、211，那就是老师，学校的考核成绩啊。所以如果这个孩子到时考的分还不错的话，很有可能老师、甚至校长，学校其他领导都会来劝说孩子读985、211，你说谁会对钱，对绩效过不去呢，只可惜最后可能耽误的就是孩子了。其实，高考报志愿是一项很细致的工作，要考虑的东西有很多，比如考虑大学毕业以后的就业状况，是否给自己留考公机会，哪些专业需要读研读博、文科和理科，到底要重专业还是重地域等很多问题，都需要考虑，而不仅仅只觉得不浪费分就可以了。,2023-12-25 01:00,204,广东,f
张雪峰推荐,2023-12-25 00:56,0,其他,m
就是朊病毒啊…又不是第一次检出了…张雪峰说的真是没毛病 ,2023-12-25 00:51,0,陕西,f
//:回复:刹B 5-6月就说过了 结果你们新闻说的好像我们是突然宣布一样 张雪峰是对的//:6月的事情 变新闻了,2023-12-25 00:48,0,其他,m
张雪峰大学规划,2023-12-25 00:47,1,湖北,f
下雪了…张雪峰 ,2023-12-25 00:32,10,海南,f
"有的小可爱是想要了解技术稳定的，但是自己又分不清楚你看看这一个：成都自体脂肪隆胸张雪峰：面诊很细心，风格属于自然保守型,不会做得太夸张这就来给大家理一理成都汪国义、蒲于红、郭世伟、成都陈国双、艾剑英、达文、成都苗刘玉、官小书、蔡灵做的好吗？怎么样？评价怎么样？ 想细瞅 有的小可爱是想要了解技术稳定的，但是自己又分不清楚你看看这一个：成都自体脂肪隆胸张雪峰：面诊很细心，风格属于自然保守型,不会做得太夸张这就来给大家理一理成都汪国义、蒲于红、郭世伟、成都陈国双、艾剑英、达文、成都苗刘玉、官小书、蔡灵做的好吗？怎么样？评价怎么样？ 想细瞅哪些？来问跳跳就是",2023-12-25 00:15,1,广东,f
甘肃成绩五百左右，张老师给出建议，选个甘肃一本院校,2023-12-25 00:07,6,其他,m
2023，有的相伴真的泰酷啦！2024与我一起用超光影记录超影像！让我们继续携手在微博陪伴度过新的一年~,2023-12-25 00:04,0,河北,f
近期一女大学生跟张雪峰连线，吐槽自己父母给的生活费少，说七八年前姐姐上大学时一个月给生活费800，现在自己上大学，生活费只给1000，连一个保温杯都买不起。张雪峰问女孩保温杯多少钱？女孩说三四百。直播间瞬间风起云涌，网友都惊呆了，什么保温杯要三四百，张雪峰说自己的保温杯才39块9。网友表 近期一女大学生跟张雪峰连线，吐槽自己父母给的生活费少，说七八年前姐姐上大学时一个月给生活费800，现在自己上大学，生活费只给1000，连一个保温杯都买不起。张雪峰问女孩保温杯多少钱？女孩说三四百。直播间瞬间风起云涌，网友都惊呆了，什么保温杯要三四百，张雪峰说自己的保温杯才39块9。网友表示，就现在这物价，在大学里一个月一千五到二千生活费能维持一个正常的生活和学习，各地区略有差距，但也就是一千五到二千的差距，一千块的确是有点少了！也有网友认为，400保温杯这孩子有点过分了，但是说实话现在的物价和生活一千一个月的生活费还是低了，一天33块钱，一日三餐，平均每顿饭11块钱，这中间还没算吃点小零食、买瓶饮料、手机费等，其他和同学逛个街吃个饭等交流活动更不可能了，当然如果有人非要拿贫困地区吃不上饭还要打工干活的孩子来举例子那我也没办法！对此，各位网友 你们有什么看法呢 ！,2023-12-25 00:00,14,福建,f
是什么原因让别害怕冲突#  #好书分享推荐#  #人际交往#,2023-12-25 00:00,0,北京,m
