国资委「对三家中央汽车企业进行新能源汽车业务的单独考核」，这对国有新能源汽车企业发展有何意义？,gender,comments,likes,updated_time,IP
上面大笔一挥下面手忙脚乱,-1,0,0,1710431823,中国香港
byd缴的那点税，都不够这三家糟净的。,-1,0,0,1710432603,广东
三大央企的基层员工 注意了 要开始裁员了凡是考核 凡是单独考核 意味着更加剥削基层员工你见过 电网 烟草 单独考核 加压考核么,-1,0,2,1710433789,未知
没有意义，他们已经落后了，没有了垄断优势的国企基本只能倒闭。,-1,0,0,1710434812,四川
国企汽车行业转型太慢，不出十年就会成为包袱,-1,0,0,1710434935,福建
国有资产流失，没有任何意义！为了完成任务，一汽的红旗eqm5，常年以3折的价格出售给二手车商，国有资产大量的流失，意义何在？早早转型代工厂就完事了，或者退出乘用车，专攻卡车。二汽的岚图，本品置换6万6万的给，就是让老车主继续换本品牌的新车。脱离了正常的市场规则是不能长久的。还是安静的去了吧,1,0,1,1710431689,河北
其实表达的意思就是：国家对汽车行业国企、央企在新能源领域发展相对滞后感到不满，希望他们有所作为。,1,0,0,1710431100,未知
一汽东风是旧能源太好了，所以新能源不好的？错。他们旧能源更差。,1,0,0,1710430450,山西
拍大腿决策，很可能结果是浪费资源。小日子两田，德国大众，够牛批了吧，新能源领域不行就是不行。师傅都这德性，依靠技术转移的合资车企只会更差，没那个实力知道吗。新能源汽车不只是影响传统的德国日本车企，同时受影响的还有国内合资车企，甚至合资车企会倒在丰田大众的前边，毕竟人家丢掉中国市场还能靠海外市场苟延残喘一波，合资车可没有这条后路。传统油车式微是大势所趋，几家央企不免被最重要的任务是保证百万漕工的饭碗，趁着还有资源赶紧想点别的办法，哪怕给新能源做配套呢，还有个近水楼台先得月的优势，为了活下去，不寒碜。甚至可以考虑高价收购几个成熟的新能源，理想蔚来小鹏等，也比自己从头介入新能源领域强。,1,1,0,1710429446,山东
倒逼精品化？,1,0,0,1710427990,河南
有个疑问哈？就是对这3家央企，单独考核新能源汽车的业务，有什么用啊？通过考核就能让他们超越特斯拉和比亚迪吗？难道比亚迪是通过考核机制做到这么大的吗？,1,2,0,1710427618,浙江
作为国企，政治嗅觉太差。不然这一次不止会有考核大棒还会有胡萝卜吃。比王传福差了至少一个身位。在后此举也是给国内新能源厂家信心。摆明了就是告诉国内新能源车商，别怕，怼上去，新能源车我保定了。这次考核我盲猜，利润不是重点，新能源渗透率，配套，老百姓对新能源汽车的口碑和认可，才是重点。官方明摆着要尽快踏入电车时代，钱不钱的真没有那么重要，当然官方也不会让这些企业胡搞，破坏电车利润，卷死其他车企。说白了就是，在保证友商有利润空间的同时，尽快把电车的市场占有率和口碑搞上去。,1,0,2,1710427362,未知
三大汽车央企分别是是一汽、东风和长安，在最近几年的新能源汽车发展大潮中它们很明显已经落后了。除了长安的发展稍微好一点之外，另外两家不仅落后于比亚迪，吉利等民企，也落后于广汽上汽等国企，甚至连理想问界等造车新势力都不如。这也是此次国资委要对它们的新能源汽车也业务进行单独考核的原因，这其实就是“鞭策”。虽然我并不看好央企在竞争性行业中的发展前景，但是国资委的这项“单独考核”政策对新能源汽车行业还是具有积极意义的。从政策上来说，可以更加鲜明的表达出对新能源汽车行业政策的支持。近期西方国家在电动汽车领域纷纷打起了“退堂鼓”，这个时候更需要中国坚定自己的路线，旗帜鲜明的表明中国的立场。从行业投资来说 ，单独考核可以从资金上迫使央企加强在新能源汽车领域的投资。国家对于央企在新能源汽车领域的成绩单无疑是不满意的，打开2月份新能源汽车排行榜，前20之中没有一家是央企旗下的车型。可以说，在中国新能源汽车崛起的过程中，央企已经拖了后腿了。如果央企加强投资新能源，将进一步壮大中国新能源汽车产业链的发展，而对于燃油车的投资必然减少，此消彼长之下，对新能源汽车发展行业发展将更加有利。至于这三大汽车央企未来在新能源汽车行业的表现，我并不看好，它们存在的问题不是短期可以改变的 。,1,0,3,1710427240,江西
假如新能源真能挣钱(不是拿完补贴那种），你猜猜需要考核吗?,1,0,1,1710426122,美国
这其实就是几句话的事。三大央企在新能源车这方面，和华为合作有所突破，但是进度还是太慢。谈肯定是谈好了，有些细节还在拖拖拉拉。原因就是两条：一是看看华为的技术到底怎么样，是不是真的有几把刷子。现在证实了，一个赛力斯，到年底国际五百强了。二是央企的脸面有点放不下。现在应该是时候了，加点力，加把火。一汽应该马上就加入华为系，还有几界没着落。估计最牛的名字留个一汽吧，可以想想是那个名字。至于有的网友说燃油车会不会放弃掉，那是不可能的，毕竞国防用车还得保障。大家猜一下，鸿蒙智行最贵的车系留给谁，就是一汽。叫什么界不知道了，估计尊界概率比较大。,-1,3,1,1710425801,云南
起了个大早，赶了个晚集~,-1,0,2,1710425521,广东
为啥非得把技能点用在汽车上？,-1,0,0,1710425260,辽宁
一面是叫嚷着要推迟新能源战略的西方各国，另一面是嫌弃三大央企新能源发展的脚步不够快的我们！那些还在要反思的网友们看到了么？这是给新能源发展定调了！,1,2,7,1710406146,浙江
没必要过度解读，意思其实很简单，就是：“你们这几家在新能源方面干的不好，别给我打哈哈，赶紧动起来”国企新能源里面，一汽，东风干的确实不怎么样，长安算马马虎虎。但是，上汽和广汽干的其实还不错的，上汽的出口做的尤其不错。讲白了，就是给他们再强调一次，新能源是国策，你们几个别以为自己是央企就无所谓了，到时候掉队了就难看了（其实已经掉队了），现在给我抓紧搞。一汽和东风，商用车，卡车领域很大一摊，这方面成绩其实不错的，掉队的是新能源轿车。讲实话，一汽在轿车方面一直干的不怎么样，东风好不到哪里去。长安相对来说好一点。乘用车，尤其轿车方面，自从收了荣威，整合了南汽MG之后，上汽是一直做的不错的。当然，和BYD等一众相比，都距离很大……,1,0,1,1710380222,上海
哈哈，煤炭系统出身的领导现在开始指导新能源发展了。对于这些央企汽车企业，说实话非常不看好新能源转型，原因很简单，你看看国际上哪些国际汽车巨头新能源转型成功了？这些企业之前在油车行业深耕了很长时间，上下游那么多企业需要靠自己吃饭，新能源转型过程中被砍掉的那些元器件的供应商如果也是本集团旗下的，那会不会造成国有资产损失？这些问题不仅制约着外国汽车巨头，同样也制约着这些国内的老牌汽车企业。而且这些老牌汽车企业还有一个非常严重的问题，就是在经营上过度依赖合资，长期以来对自主品牌的经营力度不够。从这一点看兵器集团下属的长安汽车搞的还行，当然营销做广告赞助某动画搞出了公关灾难那纯属倒霉。一汽就差点意思，但至少前几年把红旗这个品牌复活了，在大街上还偶尔能看见几辆绿牌红旗。东风汽车这方面搞的很差，推出的新能源品牌岚图存在感很低，一直半死不活，哪怕是在湖北本地不关心汽车的人都不认识。,1,24,129,1710337229,广东
国资企业在资源投入、人员聘用上的制度和流程还是太保守，容易降低国资企业在市场上的竞争力。,1,1,2,1710322331,山西
新能源产业链已经完全成熟，连小米都能3年造出车，三大央企没理由搞不出优秀的新能源车，问题肯定还是出在内部。央企每年上缴利润，划拨社保基金，在稳定国家就业方面发挥重要作用，没理由在具备成熟产业链的条件下市占率这么低。byd再牛逼，能给国家贡献多少利润？一个充电桩都不肯建，还双枪充电。单独考核有利于倒逼央企在新能源领域突破自我，合资车躺赚时代已经过去。,1,8,7,1710310525,上海
因为比亚迪是民企，国家掌握力度不够，虽然不会往外跑，但也属于听调不听宣的。尤其是为了抢市场，利用自己的产业链优势，打价格战搞得一众同行都去中央哭惨，新能源销量你都要拿走一半，油车本来就被合资压着，市占率再下降，真活不下去了自己亏没了是小事，汽车行业产业链多少人靠着这混口饭吃，不敢再给失业率做贡献了但推新能源又是国策，尤其比亚迪是突出贡献者和国产车压倒合资车路线的排头兵，还不能把比亚迪拦下来等中国能像日韩那样国产车市占率达到80%甚至90%，那是多大的美好时光！岂能半途而废？于是乎。。。按我的浅薄理解，中央敲打三国企的意思就是，新能源汽车产业眼看着真要被以比亚迪为首的一帮民企做成了，肉不能只让他们吃，接下来你们不惜一切代价拽紧他们的裤腿，他们做啥你就做啥，把“国企新能源车的市占率”搞上去，一方面摆脱合资公司的影响，另一方面也要保住民生就业，逐步由油车产业链向新能源产业链转化新能源车免交购置税这事儿…似乎又可以多几年了,-1,13,37,1710261779,湖北
意义就是证明了老国企工人下岗真的不是因为他们懒而是因为体制问题。央企考核里对某块业务单独考核并不考核利润而是考核其他指标的半市场化考核是最糟的一种情况，如果给一个央企集团某块业务进行单独考核且不考虑盈利的话那央企管理层一定会做出及其不利于企业经营的决定。我敢赌三大央企汽车集团肯定会在考核期内疯狂扩张新能源产能同时杀鸡取卵式的压榨合资方一边为自身的新能源计划让路一边削减对油车的研发和生产的投入保证国企领导在自己任期内的利润好看。预计不出意外未来几年绝对会因为所谓的新能源大跃进造成史上最恐怖的新能源汽车产能过剩，而这个新能源汽车的产能过剩会像恶性肿瘤一般不光摧毁所谓的“新能源”还会把油车也拖下水。算是一点个人的辩经：如果要说还有什么别的意义就是证明了从小学到大的《马克思主义基本原理》中论述的“资本主义必将灭亡，社会主义必将胜利”里面最关键论据“生产无限扩大的趋势和劳动群众有支付能力的需求相对缩小之间的对立。这些对立导致产品相对过剩的周期性经济危机，客观上要求用社会主义公有制取代资本主义私有制”并不成立。简单的说就是社会主义根本无法解决所谓资本主义的“生产相对过剩”和“周期性危机”，即就算资本主义要灭亡也轮不到社会主义取代资本主义（除非南斯拉夫搞的不是社会主义）。最后：不论是“社会主义并不必然取代资本主义”成立还是“南斯拉夫搞的并不是社会主义”成立，我倒是想看看一旦房价真的走入下行通道后下跌后南斯拉夫该怎么解决刀把子生锈的问题。,-1,0,3,1710252607,海南
谢邀，在市场经济体制下，政策界比产业界慢半拍本来就是正常情况，更何况我国新能源汽车产业的突飞猛进超出了很多人的预料。以比亚迪为例，疯狂扩产能，在研发成本被摊薄后大打价格战也就是这一两年的事，其他新能源车企也加入进来神仙打架，真正被瞄准的确实燃油车企业汽车价格战再起，一天内 9 家车企接连宣布降价促销，专家称今年车企竞争注定非常激烈，如何看待当下车市？在此情况下，如果还不对新能源汽车与燃油车进行分类，仅仅从总量考核三家汽车央企的话，不仅无助于其履行双碳转型责任，长期来看也会连总量都保不住。这次我双手支持国家队下场，因为这不是什么与民争利，而是和民企一起加速吞食原本被西方和日本燃油车企垄断的超额利润,1,0,1,1710123198,北京
督促他们发展，当然应该是中国车应该有中国魂，而不是去装一个外国魂。说他们的燃油车有优势是一种错觉。应该改为他们帮助外国卖有优势的燃油车。不过燃油车的优势就快消耗殆尽了。在中国电动汽车行业肯定会超过燃油车。这是由于逐渐推出的新技术所引发的市场。,0,0,13,1710109106,北京
对三家中央汽车企业进行新能源汽车业务的单独考核，虽然会给他们带来一定的压力，但是也会带来更大的动力，使用合理的政策才能破除目前这些企业的障碍，有目的的单独考核中央汽车企业的新能源汽车，考核它的技术、市场占有率、未来的发展，才能让中国新能源汽车的发展进一步起飞！图片来自网络,1,0,8,1710089515,未知
"之前躺在合资身上过得好日子太久了，现在新能源时代轰轰烈烈来到的时候，才发现再不集中力量发展就要被潮水淹没了。长安、东风、一汽对于新能源的重视程度是与合资车的销量呈反比的。长安不管是福特还是马自达，从几年前基本都已经退出主流车市场竞争了，所以它也是自主品牌发力最早的，到2023年自主品牌销量已经达到了整个集团销量的80%，其中新能源车型更是达到了47万辆。长安就是在合资的危机中快速进行了转型，这肯定也是国资委对利润要求所带来的破釜沉舟。东风则是在神龙公司及两个日系品牌出现大幅度下滑后，才逐渐重视新能源，创立了岚图，猛士,奕派、纳米这些新的自主品牌，但是目前销量都还没能独当一面，不过相较于一汽，已经算是先行一步了，23年30万的新能源销量也是基本完成了目标。最后说到一汽，真正的共和国长子，但是在大众、丰田两个强势的合资品牌加持下，并没有太大的危机感，所以新能源方面也是发展最慢的。2023年全年新能源销量没有找到，但是从24年目标中可以看出，销量目标要达到50万辆，实现翻倍，那就是23年25万左右，结合大众新能源10万左右，丰田3万多，红旗85000，再加上其他几个品牌，25万应该差不多。地方国企上汽、广汽已经走在前头了，智己，飞凡，埃安，虽然销量还是差强人意，但是决心还是摆出来，央企老大哥怎么也不能落后呀。今年国资委对新能源业务的单独考核，至少会让这三家企业更加重视新能源发展，尤其是一汽，不能躺着合资的功劳簿上面一直无压力发展。现在国外对于新能源的发展还是没有下定决心，合资品牌的外方各方面资源并没有跟上，所以只能发展自己的自主品牌新能源，由这三家央企带头，肯定会对中国汽车市场带来更加快速和高质量的发展。",1,0,3,1710071920,上海
其实对央企新能源汽车业务单独考核还是蛮及时的决策。因为，现在这个时候，新能源汽车月度渗透率已接近40%，再抱着燃油车不放，就不是保上交利润的问题了。而是能否保证不亏损的问题了。国企发展好了，可以为国家贡献税收、利润，增加国家的财政收入，可是如果经营不善，连年亏损，可就成了累赘和负担了。换句话说，如果国有汽车企业再不加速向新能源转型，难以逃脱经营亏损的命运。在2023年的前十大汽车集团销量情况排名中可以看出，有些央企或者国企的销量，同比2022年已经开始明显下滑。比如属于地方国企的上汽集团，以及属于央企的东风公司。当然，主要的原因有两个方面，一个是国内市场的新能源汽车发展迅速，渗透率不断增加，以领头羊比亚迪来说，一年的销量增加了116万，传统燃油车的市场不断被新能源汽车蚕食。而与此同时，第二个方面，受困于合资企业新能源转型缓慢，国外市场新能源发展需求不如国内，外方加速发展新能源动力不足，合资企业推出新能源车型受限。但是，这些国企还是可以大力发展自主品牌的新能源汽车的。比如上汽的五菱、名爵、东风的岚图。长安的深蓝、启源、阿维他等等。其实，在这三家央企里，长安汽车相对来说，还是新能源汽车发展相对较快的。去年新能源批发销量，长安汽车排名第6，而一汽和东风，还没有上前十的榜单。2024年，拿乘联会秘书长崔东树的话来说就是，“2024年是新能源车企站稳脚跟的关键年，竞争注定非常激烈。”所以，在这么一个激烈竞争的环境下，国企如果还是行动缓慢，那大概率会面临在激烈的市场竞争中被淘汰的命运。国资委在这个时候给点压力，单独考核新能源汽车业务是及时适当的，就别想着上缴多少利润了，能先活下来，不亏损就烧高香了。,1,0,32,1710061689,上海
『单独考核』意义重大，说考核就是央国企的生产力调节工具毫不夸张，所谓的“指哪打哪”，国企收支两条线，把新能源拧出来考核，那肯定是重点考核收入（规模）、放宽支出、可以不太注重盈利，意味着三家央企汽车公司一汽、长安、东风，能丢掉考核包袱甩开膀子干了短期看，长安旗下阿维塔、深蓝、长安启源系列，东风旗下岚图系列，一汽旗下奔腾系列等新能源汽车，在打价格战的时候，可能可以更大胆一点如果有喜欢这些品牌的车，可以稍微等等（当然也要看这政策具体下来有多快），别的不说，阿维塔这车颜值、配置方便都不错，就是价格不怎么松口…如果能官方再降个几万，我觉得蛮好的中期看，这些央企能拿到更多预算，投入更多资源进行新能源汽车的产研，包括招聘更多相关人才，新的车新会普及到更多细分长期看，说明国家对发展新能源汽车的决心很坚定，新能源汽车要在全球产业链站稳顶部，仅靠比亚迪一家可能不够，需要更多有资金实力的车企参与进来,1,0,5,1710042126,广东
这个消息对于三家中央汽车企业是利好，也是国家层面在积极推进中央汽车企业新能源转型。这三家中央汽车企业分别为中国第一汽车集团有限公司（简称一汽集团）、东风汽车集团有限公司（简称东风集团）和重庆长安汽车股份有限公司（简称长安汽车）。这三家车企集团在中国汽车行业中占据重要地位。数据显示，三家央企2023销量总和约占整个汽车市场的30%。三大中央汽车企业那为什么国家要对三家中央汽车企业进行新能源汽车业务单独考核呢？这个要从中央汽车企业现在的考核标准说起。国资委目前对大部分央企的考核，以利润增长作为最重要的目标。根据2023年末召开的中央企业负责人会议，2024年对中央企业总体保持“一利五率”目标管理体系不变，具体要求是“一利稳定增长，五率持续优化”。即，中央企业效益稳步提升，利润总额、净利润和归母净利润协同增长；净资产收益率、全员劳动生产率、营业现金比率同比改善，研发投入强度和科技产出效率持续提高，整体资产负债率保持稳定。追求利润增长由于一汽，东风和长安都是央企，因此这三家车企也要遵守国资委的考核要求，那就是以利润增长为最重要的目标。然而，以目前的新能源市场来看，大多数传统车企的新能源汽车业务还处在投入期，除了主要做增程式混动的理想汽车和混动车销量占比较高的比亚迪实现了年度盈利以外，多数车企的新能源汽车业务还处于亏损状态。所以国资委如果对这些中央汽车企业还是以“利润增长”为目标的话，这些汽车央企哪敢放开手脚去做新能源转型？根据中国汽车工业协会的数据，2023年，一汽集团、东风集团、长安汽车的新能源汽车销量分别为24.04万辆、52.37万辆和48.09万辆，在全国新能源汽车市场中的占有率分别仅为2.5%、5.5%和5.1%。这样的市场占有率相比于2023年全年新能源汽车市场占有率31.6%相比，差距有点大。东风岚图因此这次国资委决定对这三家汽车央企的新能源汽车业务进行单独考核，就是在给三大中央车企卸掉“利润增长”的紧箍咒，鼓励这三大汽车央企在新能源赛道上放手一搏。虽然不知道这三大汽车央企是否能够在新能源赛道上一飞冲天，但是国资委的“松绑”是一个好的开始。好啦，今天这个话题就聊到这啦！关注我，我们一起聊聊车圈那些事儿～,1,2,18,1709996529,未知
国内车企只能选择跟随，毕竟这已经是关乎存亡的节点，直接引发一天9家车企宣布同时降价的消息冲上热搜。其中长安汽车，是率先跟进比亚迪的降价的国家队选手，但是价格战注定会影响企业的盈利，如今在这关键时刻，国资委释放如此重要的信号，意味深长。回看2023年三家央企的成绩单，与自身比都有不小的进步，但在新能源板块与销量第一的比亚迪对比，却是三家加在一起也比不过。2023年，中国第一汽车集团有限公司，实现336.7万辆的整车销量，同比增长5.1%，其中新能源汽车销量约为25万辆。东风汽车集团，销量为208万辆，同比大幅下滑15%，新能源汽车销量30万辆，同比下滑5%。重庆长安汽车股份有限公司，销量为255.3万辆，同比增长8.82%，新能源汽车销量更是增长75%达到了47万辆。可以看到除了东风还处于转型期外，其他两家车企都实现了不错的增长，无论是燃油车还是新能源汽车。但是，与2023年新能源汽车的销冠比亚迪比起来，这三家车企不只谁都打不过比亚迪，更惨的是将三家车企的新能源销量加在一起，距离比亚迪302万辆的数据还差了近两倍，被完全碾压。虽然新能源汽车属于弯道超车的技术，但这三家车企的布局同样很早，根据报道，一汽集团早在2008年就量产了新能源汽车，一汽奔腾B70 HEV。而在之后的2012年，东风汽车在广州车展上展示了首款电动车，东风启辰E30，并在2013年开始销售。长安汽车的起步要更早一些，在2009年12月长安汽车首款纯电车长安奔奔MINI EV正式下线，单次续航长达150km，但是这款产品一直到2017年才正式销售。从研发上来看，三家车企都几乎是同一时间相应国家号召，开始了新能源汽车的研发，但是一直到2015年，三家车企的新能源发展都处于起步阶段。直到同年四部委联合发布的《关于2016-2020年新能源汽车推广应用财政支持政策的通知》，明确新能源补贴从2016年开始退坡，三家车企才开始真正的重视起新能源汽车的发展。,1,0,1,1709970062,上海
国资委对三家中央汽车企业进行新能源汽车业务的单独考核，这对国有新能源汽车企业的发展具有重要的战略意义。全球气候变化问题日益严重，新能源汽车产业得到了各国政府的高度重视。我国政府对新能源汽车产业的发展也给予了大力支持，出台了一系列政策措施，以推动这一产业的健康发展。在这样的背景下，国资委最近宣布对三家中央汽车企业进行新能源汽车业务的单独考核，这对国有新能源汽车企业的发展具有重要的意义。这有助于强化这三家中央汽车企业的战略导向。通过单独考核，国资委可以确保这三家企业的资源得到更有效的配置，更加专注于新能源汽车业务的发展。在当前全球汽车产业转型升级的大背景下，这无疑对企业的发展至关重要。这能推动国有汽车企业加快转型升级步伐。在新能源汽车领域，我国企业与国际领先企业相比还有很大的差距，需要加快研发和生产进程，以抢占市场份额。国资委的这一举措能够鼓励和推动企业加大研发投入，提升产品质量和市场竞争力。这有助于落实国家的能源和环保政策。新能源汽车的发展是实现国家能源消费革命和促进绿色出行的重要手段。国资委的单独考核有助于实现国家在能源、环保等方面的战略目标。此外，这也有利于优化企业的激励机制。考核结果可以作为对企业及高管团队激励的依据，通过设立合理的激励机制，鼓励企业及其管理层在新能源汽车领域取得更好的业绩。最后，这有助于树立行业标杆，增强我国汽车企业在国际市场的竞争力。在全球新能源汽车产业竞争日益激烈的背景下，国资委的举措有助于国有企业提升国际竞争力，在全球市场中发挥更大的作用。国资委对三家中央汽车企业的新能源汽车业务进行单独考核，是对国有企业在新能源汽车产业中发挥引领和支柱作用的一种期待和鞭策，同时也是推动国家新能源汽车产业健康、快速发展的具体体现。,1,0,1,1709968541,贵州
国务院国资委表示国有车企在新能源汽车方面发展还不够快，将调整政策对三家中央汽车企业进行新能源汽车业务的单独考核，也就是提高考核技术与市场占有率的权重。   2024年3月7日，东风汽车尤峥：正联合一汽积极推进参股华为车BU。今年东风汽车旗下岚图汽车、猛士科技先后与华为签署战略合作协议，合作车型就要年底或者明年公布，合作形式也有待考究。要知道赛力斯以前叫做东风小康，也就是问界的崛起东风是看在眼里的，华为的实力是得到东风的认可的，这也是加快了东风拥抱华为的速度。    重庆还有另外一家国有企业长安，这是已经入股华为车BU的企业，出来HI模式的阿维塔品牌，后续的深蓝S7和深蓝SL03也会陆续搭载华为智能车解决方案。    广汽的传祺也连手华为智能解决方案推出了传祺M8，其搭载了华为的车机系统。    除此之外    鸿蒙智行的4界就是——【问界】、【智界】、【享界】、【傲界】  分别对应合作伙伴为赛力斯、奇瑞、北汽、江淮，这里面三家都是国企。    问界不必多说，形势一片大好，几乎可以肯定能在激烈的新能源汽车竞争中稳赢，后续的问界m8和m5改款，绝对是对市场的一次新的冲击，华为用户早已经把问界当做含华量最高的车企。    智界s7的合作就没有那么顺利，源于一开始的产能问题，导致没有承接住第一波热度转化为销量，导致目前反响平平。就看后续的政策调整能不能再次激活这个品牌。    享界是华为和北汽蓝谷合作的华为智选车品牌，如今许多消息也是纷至沓来。首款车定位是C级行政轿车，目标人群是高净值商务人群，形似轿跑风阻系数较低，但是经过设计也给后排空间留有较大的尺寸。现在外界由于智界的情况，很多人都会担心合作的顺利程度，北汽之前后极狐HI模式失败的经验，虽然赚足了彩头，但是第一次合作不顺利没有抓住机会，这次的智选车模式就老老实实按照余承东的要求来准备，上市即上量，承接的密云工厂已经有十几万的产能，所以产能随时拉起来。   至于和江淮合作的傲界，据说是百万级别的MPV，华为的金字招牌是打破高端市场的最佳敲门砖，如今问界M9已经占据问界订单的百分之五十以上，而且绝大多数都是顶配。很多车主表示这个车子很好，就是价格实在是太低了，多么毫无人性的发言。据说很多人都在观望会不会有非凡大师款，想买这个。如此看来这次的百万级MPV还是有很大的用户基础的，江淮也是非常眼馋问界的飞升，绝对是更加支持傲界的。    虽然中国的汽车产业发展迅速，在新能源汽车领域发展迅速，但是中国乘用车行业属于是产业过剩，名义上有4000万台，2023年乘用车的内销2170万台，出口500万台，有将近1200万台的产能过剩。看孙少军直播，有一句话说的好，就是华为造车可能是带着任务来的。    如今华为提供品牌、技术、销售，国企提供制造产能。这种合作模式下，解决了华为的生产以及研发变现的问题，又解决了国企产能过剩和竞争力不足的问题。要是没有华为的深入赋能帮助，在油改电的浪潮中，传统依靠合资的国有车企，很难和吉利、比亚迪甚至特斯拉、理想竞争的，竞争失败导致大量产能淘汰，如此众多的国企员工的生存发展也会是个头疼问题。    相反拥抱华为，挤走了外资蚂蝗的利润，也提高了生产价值，对国家新能源汽车产业的发展无疑是一件好事。,1,0,11,1709957381,浙江
国资委对一汽等三家中央汽车企业，进行新能源汽车业务单独考核，就是有针对性有目标性的推动国有新能源汽车行业的高质量发展了。如何推进高质量发展？张玉卓用了三个字来介绍——“高”，就是高水平的协同；“质”，就是质的有效提升；“量”，就是量的合理增长。言简意赅，目标明确，那么，具体怎么落实促进国有新能源汽车行业高质量发展的目标呢？张玉卓表示，这些都需要有好的政策，从国资政策来讲，要激励国有企业大胆创新，破除一些影响高质量发展的政策障碍。比如新能源汽车，几家国有新能源汽车企业发展得不够快，不如特斯拉，不如比亚迪。我们就调整政策，单独考核他们的新能源汽车。因为我们注意到，全世界汽车行业都是这样子，在燃油车还很有优势的情况下，同一个集团对新能源汽就不太容易心甘情愿地去全速推进。我们出政策就是要破除障碍，单独考核中央汽车企业的新能源汽车，考核它的技术、市场占有率、未来的发展。新能源汽车市场前景广阔，势必会成为新的经济增长点，是当前我们国家经济复苏的有利抓手之一，期待政策能够落实到位，取得预期的效果。【各位知友大家好 这里是刚来知乎不久的新人一枚 @林里自在 金融专业出身，目前是财务工作者(*^▽^*)  关注财经证券投资创业各种经济信息，如果你也对经济领域感兴趣，非常期望和你一起沟通交流，互相帮助共同进步(๑•̀ㅂ•́) ✧，谢谢您的鼓励和指教！鞠躬✔✿✿ヽ(°▽°)ノ✿】,1,1,6,1709895620,河南
"意义大啊，意味着三大央企在财务考核上对新能源进行松绑了。属于单列，可以放开手脚做部分战略性亏损了。三大中央汽车企业进行新能源汽车业务单独考核，我们看下资本市场的表现，股票大涨！资本市场很快有反应 一汽解放（000800）一度涨停。至收盘时，东风汽车（600006）涨停，一汽解放涨6.58%，长安汽车（000625）涨2.31%。    2024年3月5日上午，十四届全国人大二次会议，国务院国有资产监督管理委员会主任张玉卓在“部长通道”在采访中提到：从国资监管来讲，主要是要激励企业大胆创新，破除一些影响高质量发展的体制机制障碍。比如新能源汽车，国有汽车企业在这方面发展还不够快，我们调整政策，对三家中央汽车企业，进行新能源汽车业务的单独考核。重点是这一句：因为我们注意到，汽车行业全世界都是这样子，燃油车在还很有优势的情况下，企业布局新能源汽车，一开始投入会比较大，如果对它考核当期利润，就不太容易去全速推进，我们出政策就是要破除这个障碍，考核它的技术，考核它的市场占有率，考核它未来的发展。   新能源汽车单独考核，意味着重点考核市占率，技术先进水平等因素，束缚央企新能源发展的财务和利润考核指标降权，就是可以按照要求为了追求技术领先和市占率，有更灵活的对策，比如可以采取并购，打价格战，投入巨资搞研发等烧钱的方式提升市占率和技术水平。    当前新能源汽车赛道，真正挣钱的新能源汽车车企只有比亚迪和理想，其他车企基本都是亏损的。     2024年2月26日，理想汽车公布2023年第四季度及全年财报。数据来看，理想汽车于报告期内实现了历史最佳财务业绩。全年实现营收1238.5亿元，同比增长173.5%；全年交付量376,030辆，同比增长182.2%。 国资委管的企业有利润考核要求，导致新能源汽车投入受考核很大的限制。  数据上看，央企三大车企，就长安的研发投入占据TOP 10，东风汽车和中国一汽都未进入。如果从全球视野来看，更是如此：     现在放开了考核指标，比如高合这种陷入危机的车企，长安假如可以并购来补齐高端车的短板，在过去是不现实的，现在有了更多的央企并购想象空间。其实这一点理想汽车CEO在社交媒体也提到了，希望国家健全汽车行业并购的相关机制，目前来看，考虑的还是比较及时的。    美帝的几大汽车巨头通用、福特等都是通过一次次并购变成超级巨头的，这条路，在中国汽车行业大概率也是复制，车企的集团化发展的趋势估计是很快就要来了。   其实在公布这个政策之前，三大央企其实都在官方宣布了他们各自的新能源汽车销量，也算是一种回应吧。    长安汽车：自主品牌新能源汽车2024年1-2月销量为7.5万辆，同比增长超54%；   东风汽车：自主品牌新能源汽车2024年1-2月销量为11.6万辆，同比增长超198.1%；  中国一汽：未宣布新能源汽车销量，只提了整体销量同比增长了17.7%  我们回顾下这3家2023年新能源汽车的表现：一汽集团：24.04万辆东风汽车：52.37万辆长安汽车：48.09万辆。 他们能在新能源汽车排到什么位置呢？看下榜单就知道了：   我们看下这3大集团的2024年的目标：一汽集团：新能源汽车的销量目标是50万辆；长安汽车：新能源汽车的销量目标是75万辆；东风汽车：2024年实现自主乘用车主力品牌全新车型100%电动化，2025年实现新能源汽车年销量突破100万辆，其中东风品牌三大产品系列新能源销量突破70万辆。     就队都这么卷了，看来这个场新能源的赛道的战争打出全所未有的竞争。",1,1,11,1709728405,广东
三家汽车央企今年要开始撸起袖子加油干啦！国资委的新政策来了，新能源汽车业务单独考核！国家对发展新能源汽车产业的决心更大、举措更“接地气”了！或许还有不少人都不知道我国有哪三家汽车央企，它们是一汽集团、东风集团、长安集团。如何解读国资委的新举措呢，对它们的新能源业务考核不能再像过去那样考核当期利润，而是要考核技术、市场占有率及未来的发展。其实不难理解，之前三家央企的新能源业务要考核利润的，但投入如此之大，反映出来的肯定是亏损的，这种考核机制当然会打击它们的积极性，所以对发展这块业务也就不温不火了。现在改了，不再以当期利润进行考核，亏损是正常，不“追究责任”，这样才能使得央企放开手脚、放开顾虑快速发展新能源汽车。逼它们动起来大力发展，像特斯拉、比亚迪那样！德国靠奔驰宝马大众、美国靠福特通用特斯拉、日本靠丰田本田日产……这些世界汽车强国都是多家车企齐头并进支撑本国强大汽车工业的。我们要成为汽车大国强国，单靠比亚迪可不行，太势单力薄了，必须发展多家！一花独放不是春，百花齐放才是春。好举措！点赞国家及时发现问题及时调整政策！三大汽车央企发起“威”来，电动汽车的渗透率更不得了！中国汽车工业在全球的地位更不得了！,1,2,5,1709680304,广东
考核越多，企业压力越大，这是想逼这几家企业快速发展新能源。但是国资委的考核，利润能不考虑吗？上交资金能不考虑吗？这三家企业是指一汽、长安、东风。在新能源汽车业务板块，三家企业均有涉足。一汽当前新能源汽车占整体销售量比例不足10%，但其对新能源汽车的未来雄心不小。其中红旗品牌计划到2028年推出11款纯电动车型和11款插电式混合动力车型；奔腾计划未来三年打造7款新能源车型。东风集团新能源汽车占整体销售量比例为16.7，岚图1至2月累计销量1.02万辆，同比增长285%，算是有点品牌知名度。长安新能源汽车占整体销售量比例约18.6%，销量也处于高速增长，其自主品牌新能源汽车前两月累计销量达到了7.5万辆，同比增长超54%。按比例来看，这三家确实比不过比亚迪和特斯拉及一众新势力，那别人整个都在新能源汽车领域啊。按市场的品牌知名度等来看，连蔚小理都比不过，这么比较对三家汽车央企有点不公平。比亚迪从造车的开始，就在琢磨新能源汽车这个赛道了，到这几年全面转到了新能源汽车。而特斯拉、蔚小理则是诞生之初就是新能源汽车企业。比亚迪和特斯拉等车企前期对于新能源的投入，量级非常大，央企尽管不愁资金，但也要考虑当年的收入和利润，成绩单不漂亮，主要领导的业绩怎么办？我想这方面的考核可能需要豁免。这三家企业，下属还有合资厂，这些合资厂的外方股东，推动新能源汽车的动力明显就没有那么强，让他们放弃传统燃油车优势没那么容易。国家还应考虑到，过去三家央企，依靠合资和自主燃油车，赚的盆满钵满，现在让这三家央企全部投到新能源，三家央企的心态有没有转变过来。此外，三家央企还有出海的任务，按现在的形势，美国欧洲等地的新能源汽车发展由于政策原因受到了限制，而全球其他国家不免会有效仿者，不排除这些地区开倒车的可能。这些市场新能源汽车配套如果不起来，比如充电桩不足、电价太高、电池成本太高，其销售必定会成问题。如果新能源汽车发展起来了，反倒丢了燃油车传统优势，会不会影响三家央企出海布局，这是需要谨慎考虑的问题。最好的方式，是在缩减原有优势燃油车方面的资源投入、适当保持原有竞争优势的基础上，像广汽那样，提高新能源汽车在内部的话语权和地位，继而打造出如埃安这样比较有竞争力的品牌，快速提高渗透率。,1,12,57,1709656516,广东
"在十四届全国人大二次会议首场""部长通道""集中采访活动中，国务院国有资产监督管理委员会主任张玉卓在采访中提到针对国有车企新能源业务的监管思路。对中央这三家汽车企业，把新能源汽车单独考核！！！这个事儿的影响很深远，为什么国企新能源汽车做不大？基本都是民企和新势力做大做强？真的是体制问题吗？还真是！因为国企是国有资产，有一个很严重的问题是国有资产流失，所以国企的老大往往会被考核利润以及盈亏，也就是放不开手，顾忌太多！而目前新能源市场玩法都是先亏本大甩卖，把量做起来，量起来了再谈利润，一辆亏个1万，10万辆也就10个亿，新势力依靠融资，传统车企依靠燃油车把钱挣回来就行了。而恰恰这种方法让国企很难受，不好操作。因为项目获批需要考核盈利，这种KPI让很多项目无法执行，也让很多车型的价格无法清仓大甩卖。如今考核指标变化，单独考核，考核技术、市场占有率、未来发展，这就好办多了，直接用资本的力量砸进去，产销规模很容易上来，毕竟降价跑量是最简单的办法，而国有车企最不缺的就是资本。待量起来后，份额有了，话语权就来了，利润自然而然就有了。",1,0,11,1709643490,上海
国资委对三家中央汽车企业进行新能源汽车业务的单独考核，这一决策在国有新能源汽车企业发展中具有深远的意义和多重积极作用，具体表现在以下几个方面：	1.	战略导向与聚焦单独考核新能源汽车业务，彰显了国资委对新能源汽车产业战略转型的重视程度，将新能源汽车发展提升至企业核心战略层面。这种考核方式确保企业在面对既有燃油车业务的传统优势时，不会忽视新能源汽车的发展速度和质量，使之成为企业重点投入和发展的方向。	2.	优化资源配置独立考核意味着企业需对新能源汽车业务进行独立的成本核算和效益分析，促使企业将更多的人力、物力、财力资源集中投入到新能源汽车技术研发、生产制造、市场开拓等环节，促进资源优化配置，提升新能源汽车业务的核心竞争力。	3.	创新激励机制单独考核使得新能源汽车业务的业绩直接关系到企业总体绩效评价和管理层的考核成绩，由此可以建立更为有效的激励机制，鼓励企业加大在新能源汽车领域的研发投入，加快技术创新步伐，抢占新能源汽车市场高地。	4.	市场化竞争意识新能源汽车业务单独考核包含了技术、市场占有率、未来发展等多个维度，这意味着企业不仅要关注技术创新，还需在市场竞争中取得优势，提高市场份额。这将进一步激发企业主动适应市场变化，加强品牌建设，提升产品质量和服务水平。	5.	国际化视野与对标先进国资委明确提出国内部分国企新能源汽车业务发展不及特斯拉、比亚迪等国内外先进企业。单独考核有助于推动企业对照国际一流标准，借鉴先进经验，不断缩小差距，力争在全球新能源汽车市场上占据一席之地。	6.	推动产业结构调整面对全球汽车工业向电动化、智能化的转型趋势，国资委这一政策调整有助于推动中央汽车企业及时调整产业结构，抓住新能源汽车发展机遇，促进企业从传统的燃油车业务向新能源汽车业务快速平稳过渡，实现产业结构的优化升级。总结而言，国资委对中央汽车企业新能源汽车业务进行单独考核，是在深化国有企业改革、推进高质量发展的大背景下，针对新能源汽车产业发展做出的精准施策，旨在破解制约新能源汽车发展的瓶颈问题，引导企业加快技术创新、优化资源配置、增强市场竞争力，最终推动我国新能源汽车产业实现跨越发展，达成国家节能减排、绿色发展目标。,1,0,1,1709637075,未知
