SpaceX「星舰」第三次试飞，达到环绕速度，重返大气层过程中失去信号，任务提前结束，有哪些看点？,gender,comments,likes,updated_time,IP
五年前的CG【SpaceX】马斯克最新发布「星舰CG」及计划，梦一步步成真_哔哩哔哩_bilibili,1,0,0,1710435627,未知
spaceX只不过是证明了一个大家都知道的事情：现代化企业运作方式对家庭作坊式公司的碾压是多么令人绝望。,0,0,1,1710435611,加拿大
看点应该还是很足的，需要相关部门详细探讨。我等看个热闹，这八字才画了一点，不着急。,0,0,0,1710435702,江苏
首先，恭喜spacex，恭喜马斯克，恭喜星舰这次测试取得重大成果不是很能想明白，为什么这么多回答和评论要对中国航天怨声载道，一顿冷嘲热讽啊，我寻思中国航天是做了什么我不知道的罪大恶极的破事吗？平常在简中互联网甚至都不敢吹中国航天，怕被人骂。而且中国的航天计划也没出现什么大的意外，都是一步步按计划来的啊，美国第一次载人航天的时候，我们还在经历被某些人心心念念的三年自然灾害。这吃饱饭才几年啊，怎么就敢厚着脸皮去和美国比航天啊星舰最后成功了，能达到所有设计标准了，再然后呢？你们觉得能走向星辰大海了，可是美国人能带着你？你就算移民也没用，你长着一张中国人的脸，建议重新投胎，没准能换一身金发碧眼和白皮。天天说中国航天宏大叙事，难道不是你们这帮人在宏大叙事吗？这还没商用呢，就开始幻想着移居地外行星了，开启工业革命了，称霸地球了,-1,0,0,1710435906,未知
建议兔子奋起直追不要看热闹楼市成交-87：2月太原、深圳房地产月报，2010-2024年太原、深圳二手房价格走势《楼市成交-86：1月天津、南京、武汉、重庆、成都、西安、青岛、长沙、广州新房月报，1-2月百强房企销售额，数据说明了什么？》2月太原新房住宅销售面积11.59w平，1-2月太原新房住宅销售面积合计24.96w平，较去年54.72w平同比下跌54.38%。1-2月百强房企操盘金额同比下跌48.8%，太原楼市成交面积与全国趋势保持一致，2023年全国主要城市新房住宅销售面积前高后低，全年略增或略减，2023年救市举措透支了2024年的社会购买力。2024年1-2月的房地产市场成交情况恰恰印证了我们关于投资者断层的判断，市场在沿着我们判断的方向进行发展，我们有信心太原二手房价格回落至8900元附近。2018年冲进太原楼市的购房者基本处于浮亏状态，2024年底，太原房价将2018年以来的进入者彻底套牢，今年便是他们止损出局的元年。2月深圳新房成交810套，二手房成交2098套，新房成交较去年有所恢复，但是整体趋势还是处于低位，并未发生反转。真正能够代表全国楼市风向标的城市是北、上、广、深？北、上、广、深已经进入到了存量房时代，其中北京、上海存在严重的限购政策，强二线城市杭州、南京、青岛、西安、成都、重庆新房住宅成交体量较大、参与人口较多、居民杠杆率较高，因此具有一定参考性。2017年冲进深圳楼市的资本基本处于浮亏状态，即进入到了楼市盈亏平衡线，一旦市场加速下行，那么将使得2015年涨价去库存的成果毁于一旦，居民财富将损失50%-70%。 ,-1,0,0,1710436001,山西
感觉不如华为...5G,-1,0,0,1710435446,山东
我对于这件事情最大的疑惑是：怎么就成为了人类星际时代的开启了？怎么就未来航海星空指日可待了？它的名字叫星舰，不等同于他真的等于科幻片里的星舰。无论是可回收，还是载重增加，还是低价燃料，这三件事没一件事可以打破人类脱离地球束缚进入星际时代吧？更何况这件事情八字还没一撇，我看周围的欢呼声仿佛是下一刻就星际旅行了。你说星舰的发展有助于推动航天市场的发展，那还有的说头。但是你往上带高帽子，什么星际时代的起点，人类文明的里程碑，全球航天事业的断崖式领先，更有甚者开始了第四次工业革命。真的过了！,-1,0,1,1710435316,天津
有没有人知道老板在哪？这次竟然没在,-1,0,0,1710435296,美国
星舰第三次发射入轨成功，​回收失败！这不是人类之光？？？​某国家连火箭回收的想法都不敢想，更别提造出星舰了，人家试验3次就入轨了，到底谁差距大啊？这才叫遥遥领先！！！！​酸马斯克？地球配吗？总不能像朝鲜天天喊口号忠诚忠诚，就能掩饰别人的强大了？差距在哪看不见还是硬要装看不见啊？,-1,0,1,1710435245,吉林
星舰失去信号，提前结束任务，这分明表示星舰又废了炸了呀！结果，好多祝贺星舰的！呵呵！啥也不是，它们就只剩下舔了！,1,16,3,1710435216,江苏
其它没啥，再入烧掉的环节不幸被我乌鸦嘴了。但是我想强调的是，星链直播再入再次啪啪打脸 微博上那个顶着奥卡姆剃刀名字的不学无术的“通信专家”。你不是一直坚持星链不能动中通吗，星舰二级再入够不够动？除了星链还有啥动中通系统能穿黑障？,0,0,1,1710435190,未知
省流：1 入轨大成功，作为载具算合格了2 一级可控再入失败，最后阶段姿态控制、引擎点火均有问题个人猜测：栅格舵飞控算法有问题，末端栅格舵和本体出现了过修正，有可能是低估了栅格舵能产生的力矩大小；尝试landing burn时，出现了一瞬间的绿光，说明出现engine-rich burn，考虑到箭体晃动明显，不稳定的姿态可能导致燃料供应的出现问题，进而造成点火失败注意左下角的绿光3 二级可控再入失败，目测姿态控制有问题，没有稳定保持隔热瓦一面迎风，大概率在通过黑障时解体4 在轨燃料输送演示成功（从二级的头部储箱转移到主储箱）5 在轨二次点火演示放弃（舰载电脑判断未达到预定条件，放弃二次点火）6 星链再次展现了无与伦比的稳定性和可靠性。星链信号保持到了完全进入黑障前的最后一刻，甚至拍下了长达90秒的等离子体画面！玫瑰色的等离子体，太漂亮了【星舰飞船再入大气层时，穿过等离子体的科幻画面-哔哩哔哩】 https://b23.tv/6oXzGRw下一步：1 模拟载荷入轨2 在轨二次点火演示3 优化一级和二级可控再入能力4 加强隔热瓦连接强度，减少再入过程中隔热瓦掉落总结：星舰已成，人类获得了航天领域的“工业母机”,1,0,23,1710434590,江苏
别吹了，开始反思了。玛德，有点吊。中航+华为+比亚迪一起上吧。,-1,0,0,1710434581,河南
发射成功，回收没有成功。算是成功一半了。我的梦想就是成为天星舰水手，航行于星辰大海。难道这又朝梦想前进了一小步？开玩笑的。航天的核心就是火箭的运载能力和发射成本。马斯克的可回收猎鹰火箭成功后，发射成本大降。得益于此，星链开始了大规模部署，强势抢占太空卫星轨道。2023年，SpaceX以96次发射占全世界火箭成功发射数量的45%，发射的卫星数量2514颗（SpaceX星链占1948颗），占全世界的87%。2023年发射载荷质量统计上，SpaceX全年发射质量达到1286吨，占全球发射质量的80%左右。space x 一家公司的绝对优势恐怖如斯。猎鹰9号的近地运载能力是22.8吨。星舰的近地运载能力是大约150吨。这个运载能力挺恐怖的。我国天宫空间站是多次发射组装的，停泊了一艘载人飞船后的天宫空间站大约70多吨。如果火箭具有150吨的近地运载能力，那么只需要一次发射就能搞定一个超大型空间站了。所以，如果可回收星舰完全成功，恐怕马斯克吹得牛逼，也就是载人月球旅行和火星移民真要实现了。space x这种不怕炸火箭，快速迭代的研发方式确实厉害。米帝风投资本也真信马斯克，愿意投钱。目前，米帝是资本严重过剩，美元对内贬值对外升值，这真是处于大规模风投的黄金时期。,1,0,0,1710434567,北京
星舰最全最快最准的消息看扣群  757093807https://www.zhihu.com/video/1751752680694034432来了来了！！SpaceX官方直播画面精选和各个视角发射视频,1,1,3,1710434537,广东
美团就是输输输，老钟越是嘤嘤嘤,-1,1,0,1710434403,广东
本来也没什么看点，毕竟第二次进步这么大，第三次成功几率大是肯定的。我觉得最大的看点反而是各个平台的热搜标题,-1,0,0,1710434393,河北
作为一次性火箭，星舰已经合格了，下次铁定就带着星链V3扔到轨道然后美国有了一个设计并建造在21世纪的全新设计的威力无敌加强的且超级廉价的土星五号,-1,0,11,1710434373,山东
这个标题就起的很灵性。,1,0,0,1710434273,美国
留给粉红们嘲讽的时间已经不多了！,-1,0,0,1710434266,广东
SpaceX「星舰」的第三次试飞虽然没有完全按照预期进行，但仍展示了该项目在太空探索技术方面的重大进步和潜力。以下是此次试飞的主要成就和挑战的总结：达到环绕速度：「星舰」成功达到了环绕地球飞行所需的速度，这是进入太空任务的关键一步，显示了其作为未来深空探索和可能的火星任务的潜力。完成大部分预设任务：尽管最终任务提前结束，「星舰」在飞行过程中成功完成了其大部分预设任务，证明了其设计和功能的有效性。重返大气层过程中失去信号：在重返大气层的过程中，「星舰」与地面控制失去了信号，导致任务提前结束。这个挑战突显了太空探索中的不确定性和风险，同时也为SpaceX提供了宝贵的数据，用于未来改进设计和操作。此次试飞虽然遇到了挑战，但也为SpaceX及其「星舰」项目提供了重要的学习机会。通过分析此次试飞的数据和经验，SpaceX可以进一步优化「星舰」的设计和性能，为未来的试飞和太空任务奠定更坚实的基础。随着技术的进步和经验的积累，SpaceX「星舰」有望在不久的将来实现其太空探索和人类登陆火星的宏伟目标。,1,0,0,1710434188,湖北
人均本科率4%果然不是开玩笑的。。人类第一次把5000吨的巨型火箭成功入轨，还有人认为这属于失败......你们就酸吧,0,0,4,1710434156,广东
已经迫不及待等第四发了,-1,0,0,1710434144,江苏
真正的遥遥领先,-1,0,0,1710434084,广东
这就有点让人嫉妒了,1,0,0,1710434058,辽宁
,1,0,0,1710434027,河南
马斯克的底色是一个风险投资人PayPal特斯拉OpenAI马斯克都是以投资人入局的PayPal被马斯克卖了赶走创始人，掌管了特斯拉发展理念分歧，退出了OpenAI投资人的思维方式，是算风险收益比一件事风险是2，收益是4，那就干只要收益够大就敢冒险，为大胆的想法买单星舰一次次失败马斯克并不怕，因为一旦成功后收益巨大。正因为如此，马斯克能把疯狂的想法变成现实，收获巨大的收益和声誉。再把赚来的钱，梭哈进下一个疯狂的想法。当然随时伴随着失败，就比如这次星舰，一次次放大烟花，直到成功或不能承受。,1,0,0,1710433914,北京
二级再入的画面不比电影好看？,-1,0,0,1710433780,山东
恭喜星舰，果然实践是检验真理的唯一标准，证明了一切反动派都是纸老虎！,1,0,0,1710433767,浙江
笑死了自己全程直播还引用人家报道直播主持人年年都这两个赞美之词溢于言表这次虽然丢了但还是成功的，伟大，赢嘛了,1,0,3,1710433742,广西
爱国大v真急了,0,0,5,1710433636,上海
那句万幸科技和文明………最近几年成了回旋镖了,-1,0,0,1710433608,河南
很好奇，隔热瓦能否搞大片一点？按照现在技术，按照弧度加工完全没问题，大片点可以更加牢固，也更加容易施工。降低成本。,-1,0,0,1710433457,广东
SpaceX 星舰 3 月 14 日晚将进行第三次试飞，马斯克晒出最新现场图，哪些信息值得关注？,1,0,0,1710433418,上海
牛掰 人类之光 神,1,0,0,1710433269,湖北
这下神十还能摸吗？压力拉满了,1,0,0,1710433236,未知
放几张第二次发射的图吧。美爆了！,1,2,4,1710433118,安徽
和前两次一样，试射基本绝对肯定地成功了！这是无疑是人类文明的一大步。但dogecoin没有暴涨,-1,0,1,1710433105,广东
可以说取得了不错的成绩，人类离星辰大海更进一步。每次spacex发射网友观点都两极分化。其实我觉得此时此刻引用毛主席的《论持久战》中的话最为贴合：“抗战十个月以来，一切经验都证明下述两种观点的不对：一种是中国必亡论，一种是中国速胜论。前者产生妥协倾向，后者产生轻敌倾向。他们看问题的方法都是主观的和片面的，一句话，非科学的。”美国毕竟是蓝星最强的发达国家，拥有西方自然科学积累数百年的基础，在政治、经济、科技、军事、金融、教育等各个维度都是一枝独秀。我们还是发展中国家，认清现实差距，我们不可能短时间就超过美国，也不会因为美国的打压就失去复兴的机会，继续加油吧！,1,1,0,1710433055,上海
继续期待关注，就像当初期待猎鹰一样。,0,0,1,1710433000,河南
每次试飞都能前进一步，感觉不太符合真正的科技进步的步调，我感觉最后会出现某些缺点重复出现，最后会证实这条科技道路行不通。,-1,0,2,1710432928,广东
要是把贵州山沟沟里修八车道高速的钱用来航天研发，以中国的工业产业链和工程师的聪明才智何愁造不出星舰。可惜现在说这个有点晚了，连优等生万科都爆雷了。也不晚，毕竟今年贵州依然开工了总投资3000亿的“重大项目”，钱总归是有的。,1,0,3,1710432914,广东
丧事喜办,-1,0,2,1710432905,河北
虽然不圆满，但没人会怀疑星舰最终会成功了吧。最次最次，也是可以作为一次性火箭的。,-1,0,3,1710432852,安徽
"都是美联储的阴谋罢了，我们只要时刻牢记""美联储＋石油美元＋金融镰刀""万能公式，我们就能时刻赢赢赢。",-1,0,7,1710432814,上海
如果星舰真能在2030年以前往火星上发射一点可以用的载荷，那不管星舰能不能从火星上自主返回，都算是为了人类真正进入太空做了很大贡献，那马斯克是真正的人类之光。当然，如果在未来10年星舰别的没干只和马斯克之前几年一样往Leo丢垃圾占据轨道资源影响天文观测，那马斯克也不过是一个普通的资本家罢了。,-1,1,0,1710432757,北京
这是第一次看到直播再入的镜头吧？26729千米每小时在印度洋上空，给了高清到能看见隔热瓦的直播。这个试飞是星链的广告。。。,0,0,73,1710432606,美国
做到发射过程中视频直播是真的牛。,-1,0,1,1710432446,北京
成了就是成了 没成就是没成 真没空看你们在那玩拐弯抹角的文字游戏,1,1,0,1710432433,湖北
太震撼了，这是我第一次完整的看到再入时的等离子体，太离谱了起飞全部引擎点火成功分离二级全部点火成功，一级成功完成再入前点火一级landing burn点火失败只点着一台，一级以1100m/h的速度砸向海面，这个速度大约等于客机巡航速度二级成功关机，进入远地点300km？近地点50km的亚轨道二级进行推进剂释放，推进剂转移实验，舱门开启实验后，似乎取消了再入前点火，直接进入卡门线，最后在65km高度失联更新，回看直播，二级再入时的姿态似乎并不正确，starship再入时候的隔热大底应该和速度方向接近垂直，从画面来看，starship当时似乎在翻滚再往前回看，星舰在进入太空后有很长一段时间似乎都在不受控的翻滚，这也导致了直播过程中视频信号时断时续所以二级没有撑过再入的原因可能是冷气rcs系统在气动力还不足以形成足够的控制力矩的时候压根没工作，导致姿态失控受不了了，ksp，启动！,-1,1,8,1710432419,浙江
SpaceX的“星舰”火箭在第三次试飞中，成功达到了环绕地球的速度。然而，在重返大气层的过程中，该任务出现了问题，导致信号丢失，使得任务提前结束。以下是这次试飞中的一些看点：1. 速度突破：这次发射使“星舰”火箭首次达到环绕地球的速度，这是其设计目标之一。这意味着未来可能有望实现更快速、低成本的太空旅行。2. 技术挑战：在重返大气层过程中失去信号，表明“星舰”火箭仍面临一定的技术挑战。这次失败为未来的改进和优化提供了宝贵的经验。3. 商业前景：虽然本次试飞未能达到预期的目标，但考虑到SpaceX已经取得了显著的进展，以及其雄心勃勃的计划，未来仍有望实现大规模商业化运作。4. 对其他太空探索的影响：SpaceX的成功将对其他太空探索公司产生影响，可能会促使它们加大投资，以提高自己的技术水平和竞争力。5. 国际竞争：美国和其他国家之间的太空竞赛仍在继续，SpaceX的发展将对全球太空探索格局产生影响。,0,0,0,1710432370,湖北
热搜这么快没了？？？？？,1,0,5,1710432301,未知
三次试飞成功，主线任务成功，虽然，它不完美，但是，足以粉碎各种花式诅咒。啥？马斯克大嘴？大嘴咋说啥啥能实现，说啥啥能成功？,1,1,12,1710432289,北京
省流版：发射成功，回收失败。成功了，但没有完全成功。,1,2,8,1710432211,广东
我好气！为什么我们总是落在老美后面？为什么我们不敢去做这种开创性的东西？真是值得反思。但是回过头一想，只要星舰不用于军事，我会祝贺他成功！,1,1,0,1710432100,湖南
牛逼闪闪！这是要推开太空革命的大门了吧！马斯克肯定会载入史册！当代爱迪生！,-1,0,1,1710432095,福建
从7点半然后到八点半，最后守到9点半才开始，是总什么体验？是SpaceX的一小步，也是人类的一大步。相信人类在浩渺的宇宙中并不孤独,1,0,1,1710432022,江苏
大进步，马克思确实伟大，不过抖音一群大侄子对国内冷嘲热讽就很搞笑。另外，按照这个进度我应该是看不到人类移民太空了。,-1,0,1,1710431952,浙江
华为能不能搞火箭？其他家我不放心，天兵科技和蓝箭航天虽然也在追赶，但我真的感觉太慢了，融资能力也不行…简单点说，市场对中国民营航天还是没有那么大信心去注资。我知道这不是华为的本业，但要想快速追赶spacex我不知道还有哪家企业有这个能力。SPACEX领先实在让人绝望，太夸张了这迭代速度。接下来只要不断的流水线生产人类的太空载荷价格将会低到一个难以想象的程度。我们不能落后了。,0,2,0,1710431885,海南
感谢华为开源 ,-1,0,0,1710431843,未知
宇宙大航海的时代来临了。有生之年内，人类成为多星球物种的可能性大大提高。刚看完星舰飞行测试-3的现场直播，目前看来，星舰整体的技术路线是没有问题的。本次测试几乎完成所有测试目标。剩下的就是调整可靠性，以及本次测试中暴露出来的各种问题。星舰最大的诟病，在于多发并联，目前从测试-2，测试-3的实际结果来看，多发并联一点问题都没有。我们经过60多年的技术迭代，当前的自动控制水平以及可以轻松拿捏，N-1的悲剧已经是过去式了。超重助推再入点火部分失败，这也是最后终端速率超过1100km/h砸到海面上。超大质量物体的控制率目前看来还是有不小的问题的，我估计还是一系列的复杂机动导致了一些没有预料到的问题以至于点火失败。星舰-28入轨成功。这是个重要的里程碑，本来是希望测试-2中达到的目标，但是由于星舰分离后不久LOS，导致无法实现。星舰-28几乎完成了所有的测试项目。测试-3中暴露出来的问题都是以前没有遇到过的。高超声速下系统控制问题，超音速，跨音速控制问题，这些东西不实际测试很难发现问题所在。另外从实时传输的视频流中可以看出来，星舰的隔热瓦损失的厉害，大量残片脱落。隔热瓦损失一直都是个难题，航天飞机上也遇到过类似的问题，所以星舰最后就是靠着舰体不锈钢硬抗，最后解体。好在隔热瓦本身有解决方案，就是比较贵，估计马斯克又得整点很活。至于高超声速，超声速控制率的问题，这个只能靠实际测试来解决，我们对于大质量物体在这个领域的摸索很低，SpaceX 几乎没有什么经验可以借鉴，除了航天飞机，但是两者的再入包线没什么可比性，可参考价值也不高。我估计星舰整体在测试6，测试7之后，才能达到稳定的状态。但是正如开片所说，基本的技术结构式没有问题的，是可行的。以上。图片欣赏，星舰与大气高速摩擦产生的等离子体,1,4,17,1710431826,美国
我只看知乎多久就有热榜了，相比Bushnell的石沉大海，我相信这个APP的屁股已经是歪的了。建议有关部门详查,-1,1,1,1710431806,江西
N1吃了算力的亏。希望长九快点首飞吧,-1,0,0,1710431782,美国
祝贺马斯克，人类科技的进步。但也为未来中美争霸感到担忧，以后搞太空军备，是不是处处晚于老美。,-1,1,0,1710431738,湖南
作为科幻迷和向往星空的普通人，看到人类宇航技术的积极进步心里当然是开心的。不过根据此前的经验，我倒觉得接下来最大的看点当然还是即将在各大社交平台上开展的阴阳怪气大挑战。,1,0,0,1710431689,未知
摄影棚拍的有啥好看的，只能说火箭丢失了，毕竟本来就不存在。一群1450，蜥蜴人，火星人。。。后面是什么忘了。等mask登陆火星了你们就知道火星人的嘤某啦,-1,1,1,1710431572,陕西
就这？不如造奇观搞基建卖鸽子笼来钱快,1,0,3,1710431527,广东
SpaceX将会是米帝未来真正的核心竞争力。40年前他们用星球大战忽悠了毛子。今天他们试图用一个聊天机器人再忽悠一次。但是星球大战倒是真的了。星链，星舰看上去人畜无害，星辰大海。但是，这将是他们真正的武器。火星什么的，也就说说，别当真。SpaceX的星舰-不为火星移民，是太空战舰 - Zhang Bill的文章 - 知乎Zhang Bill：SpaceX的星舰-不为火星移民，是太空战舰人类有希望走出银河系吗? - Zhang Bill的回答 - 知乎人类有希望走出银河系吗?,1,6,3,1710431518,北京
月薪3000党突然消失了,-1,0,0,1710431515,广东
如果是以前的话，这是一个辉煌的成果，但是现在没时间了。,-1,0,0,1710431505,贵州
最大的看点：马斯克是否懂得感恩，永乐大典的恩情永远也还不完！,-1,0,0,1710431502,未知
"看点很多，这次发射测速对预期目标来说是一次胜利，但是疑似也暴露了一些问题。之前第二飞时，写过一篇回答，那次可以说勉强够及格线。而这次则进步明显，从测速目标来看，只是满分与优良的区别。SpaceX 星舰火箭第二次发射升空，这一次飞行与预期目标相差多远？有哪些需要注意的问题？官网上对于这次任务，增加的目标包括：1. the successful ascent burn of both stages；2. opening and closing Starship’s payload door；3. a propellant transfer demonstration during the upper stage’s coast phase;4. the first ever re-light of a Raptor engine while in space;5. a controlled reentry of Starship.Starship’s second flight test achieved a number of major milestones and provided invaluable data to continue rapidly developing Starship. Each of these flight tests continue to be just that: a test. They aren’t occurring in a lab or on a test stand, but are putting flight hardware in a flight environment to maximize learning.The third flight test aims to build on what we’ve learned from previous flights while attempting a number of ambitious objectives, including the successful ascent burn of both stages, opening and closing Starship’s payload door, a propellant transfer demonstration during the upper stage’s coast phase, the first ever re-light of a Raptor engine while in space, and a controlled reentry of Starship. It will also fly a new trajectory, with Starship targeted to splashdown in the Indian Ocean. This new flight path enables us to attempt new techniques like in-space engine burns while maximizing public safety.截止到回答时，Starship受控再入溅落还未出结果，前面的任务，可以说基本完成。唯一美中不足的就是Booster landing，而也正是这个不完美的表现，个人观点来看，疑似揭示了这一任务，未来可能要头疼很久。从视频可以看出，热分离之后，一切都很完美，正向预期发展，甚至网格鳍刚开始运作，转动的时候，挺振奋人心的。离海平面50KM时，按大气层垂直分层结构，刚进入平流层，以3700KM/H的速度加速自由落体，正是这个节点，网格鳍开始运作，网格鳍的设计目的是利用气动外形调整Booster姿态。Exosphere: 700 to 10,000 km (440 to 6,200 miles)[20]Thermosphere: 80 to 700 km (50 to 440 miles)[21]Mesosphere: 50 to 80 km (31 to 50 miles)Stratosphere: 12 to 50 km (7 to 31 miles)平流层Troposphere: 0 to 12 km (0 to 7 miles)[22]对流层但后续，其气动效应对Booster的控制影响的表现，以我浅薄的认识来看，并不理想。因为格栅舵调整了很久，平流层都快结束了，姿态的调整并不成功，仅是""摇摆""了一下。10KM的时候，已经进入对流层了，姿态不仅没有向竖直调整，甚至更歪了，网格鳍的摇摆速度开始加快，但是仍然没起到应有的效果。离地5KM之内时，穿越云层，网鸽鳍开始剧烈摆动，但直到再点火，姿态同样不理想。而助推的姿态真正开始出现明显调整时，可以看到是零星的引擎二次点火的功劳。除了网格鳍，Bootser的再点火减速也出问题了。助推器直接以1000KM/H的速度拍到了海面上，有两个问题，一个是剩余燃料本身就不够，第二个是引擎点火并不成功。所以这次助推器软着陆的表现给""利用网格鳍+栅格舵的气动作用来微调姿态，实现回收前准备，节约燃料，再利用引擎减速到悬停，用大筷子接住""的思路打了一个较大的问号，若是网格鳍的气动效果不理想，这就意味着回收策略上需要一次不小的调整，助推返回时可能要再多趴一段时间，亦或者在助推的气动外形上做一些调整，或者对燃料重新调整分配等等，总之应该会有不小的迭代跨度。当然，这是在前两次测试中都没有发现的，毕竟这是第一次一个几乎完好无损的Bootser返回到海平面。",-1,4,8,1710431369,江苏
虽然最终失败了，但明显是在不断进步中但一批人也不要丧事喜办了，结果毕竟还是失败美国的私人航天除了马斯克，全部都很烂但有一个就够了,-1,7,10,1710431317,未知
跟人赌了20块这次还是会爆炸，现在有没有人解个惑失联后到底是空中爆炸自毁还是没爆炸直接砸进海里了。,0,0,0,1710431314,上海
环绕速度不是7.9吗。这个到了7.2没到7.9吧,-1,0,0,1710431300,辽宁
还好失败了，要是成功了说明工程管理学理论严重跟不上现实。今天要是发射成功什么概念，它可以把天宫完整体一次性发射上去。而且还可以反复不断发射，一年能发射好几个。太恐怖了，全世界的航空航天局原地起立，好好看好好学。还好现在太空中没有多少资源。,1,1,1,1710431278,浙江
星舰试飞成功，没有网络上一众小丑粉墨登场，群魔乱舞来得热闹有趣刚看到的随手截图，B站更多，微博很久不用不清楚,-1,0,12,1710431180,江苏
有点牛逼。恐怕再打两发就会真正成功。,1,7,31,1710431174,广西
很多人没有搞清楚，我国是发展中国家，美国是世界上最大的发达国家，我国现阶段的任务并不是要与美国全方位争霸，美国有领域领先我们不是很正常吗，把有限的资金投入到可靠低风险有收益的领域才是现今应该做的，走自己的路，什么概念都跟岂不是陷入了新时代星球大战？迟早被拖垮，换句话说等到星舰被验证成功，我们再迎头赶上又有什么不可，要是生在七十年代国家什么都没有差距更大，是不是有些人已经急死了,-1,7,0,1710431110,江苏
这次几乎完成所有测试任务，强烈推荐大家去看看测试视频。Space X的拍摄团队非常专业，通过屏幕看都有被吓到，尤其那个大烟花，震撼人心。视频链接：SpaceX视频链接：SpaceX这次任务一些视频截图：,1,1,6,1710431028,美国
摸着自家火箭的残骸过河，虽说代价比较大，也算是苦尽甘来。,1,1,0,1710431006,北京
马斯克，民科赢！敢用不锈钢露天焊接舰体，这钢材说不得还不如我家的炒菜锅，也只有民科敢干。比尔盖茨、乔布斯、马斯克、山姆奥特曼，引领美国科技创新潮流的四大民科，四人每人学一年物理，加起来四年大学本科毕业。低垂的果子又被民科摘了。,0,0,1,1710430909,上海
挺好，我觉得这不管对于人类还是中国来说都不算坏事，摸着石头过河嘛，不怕石头多，就怕没得摸，现在科技尖端在美国，产能在东大，有的摸就可以慢慢来，和美国还有十年左右差距，不小也不大，抗日战争急不得。,1,1,1,1710430866,辽宁
牛逼牛逼，留个影~~~,0,0,1,1710430833,上海
按照星舰目前的进度，应该能达成：三年回收，五年登月，十年登火。未来人类几十年的火箭技术发展路线就是并联。在这里憧憬一下火箭技术的摩尔定律：每五年引擎并联数翻一番，引擎成本和发射成本下降一半。,1,2,2,1710430743,美国
我觉得有必要把太空垃圾回收的研究提上日程,1,0,0,1710430741,上海
星舰迟早要成功地！真是有点羡慕美帝，咱们的大火箭什么时候好啊，真的是有点羡慕美帝！其实，咱们国家应该加大力度在大火箭这些航天上！现在搞一带一路，我们能用大火箭直接登月，这是一带一路最大的宣传！不然中国用中等火箭登月，人家也还会说你用的不是大火箭！不是可回收利用火箭！如果使用大火箭登月一步到位！那简直就是一带一路最大的宣传！欧美再怎么丑化咱们，也没有用，毕竟大火箭登月摆在那里！真理摆在那！并且现在是信息时代，中国使用大火箭登月，在心理层面上将震撼到世界上每一个国家每一个人！这比什么宣传都要好！,0,0,0,1710430716,新疆
很多人还不明白，都是发射火箭，为啥吹星舰？因为杀头的生意有人做，亏本的的买卖没人做。郑和下西洋到处撒钱，船再高大也不过昙花一现。荷兰船队活着回来就赚的盆满钵满，开启轰轰烈烈的大航海时代。星舰之前，人类火箭打上去太空花费的成本超过同等重量的黄金。星舰之后，上太空成本一斤只用几百块钱，相当于同等重量好点的水果牛肉。成本的降低，让去太空成为了一门可以赚钱的生意。各种企业工厂和资本都会去太空想方设法的开展新业务。中产阶级花几十万可以举办太空婚礼，同样几十万你在地面上办婚礼可办不出什么花，无非酒喝茅台烟换中华。过去美国登月，就像郑和下西洋，昙花一现。星舰则让太空成为一门赚钱的生意。在金钱的助推下，人可以办到很多想都不敢想的事，所以你想想，未来几十年人类会在太空中折腾多少幺蛾子。那才是科幻电影里的太空时代。,1,1,29,1710430356,山东
疯狂降热度，也不知道在怕啥,1,3,4,1710430300,广东
马斯克粉丧事喜办的能力真强，所以2024年了，星舰才刚刚能脱离地球，不是说今年要载人登陆火星吗？还有9个月，加油啊,-1,3,3,1710430212,北京
我有个朋友，中专上了一半因为打群架被劝退了。现在我明白了，他不是被劝退，而是学业提前结束，我应该在他QQ空间，祝贺他已达到中专分数线。,1,3,22,1710430149,广东
如果詹姆斯韦伯望远镜多鸽两年是不是就能打个大好几倍的上去了？,1,2,6,1710430122,云南
我之前说星舰不可能短时间成功的回答突然一群人回复，就猜到了可能有什么突破……真不幸,1,0,0,1710430066,河北
恭喜马斯克，很多人忽略了一点，马斯克和SpaceX已经把全球最强运载火箭之名再次从波音手里夺了回来。星舰此次发射作为运载火箭实质上已经发射成功，只是因为SpaceX拥有领先的运载火箭回收技术，所以大家特别关注SpaceX的运载火箭回收状况。不过运载火箭首要的任务是执行发射任务，本次发射站在此视角是极为成功的，这包括一二级分离直至星舰打开舱门模拟释放载荷并关闭（中间一度以为舱门关闭不紧，结果是虚惊一场）。星舰此次发射截至目前的不完美分别是超重一级疑似落地减速有问题同时星舰返回地球信号丢失疑似毁坏，但是这些都不妨碍火箭本身一次性使用的巨大成功，运载火箭的运力评价和是否回收无关。本次发射SpaceX展现了一种在工程中难能可贵的增量稳定性，什么意思呢？就好像一个程序员写程序，可以增量编译也可以全量编译，增量编译就好比你在装有100毫升红酒的杯子里再倒上20毫升变为120毫升，全量编译则有倒上20毫升但是漏掉额外5毫升的问题最终是115毫升。在工程项目中增量稳定性非常难得，星舰的三次发射，每一次的进步是增量的，同时完全没有出现过去明明已经成功的后来错误，或者简单理解为没有出现过去相对成熟模块的问题。很多人好奇为什么有的时候国内航天发射失败我们会鼓励，为什么有时候国内发射失败我们会持批评的态度？这就看发射失败的任务，技术创新的内容有多少？如果是突破性的创新诸如我国几个民营航天企业寻求液体火箭的突破尤其是挑战液氧甲烷，即使失败大家自然报以掌声，如果是资金充足且技术成熟的模块整装还能出问题，那自然收获的批评之声远比前者多。这次发射另一大亮点就是星舰安装的两个星链天线，在直播的过程中信号整体保持极佳的稳定性，说实话仅仅是一个直播间就有数百万人在线观看，SpaceX真的在发射观赏性这方面建设的没得说。预计本年度马斯克还会发射4-5次星舰，事实上SpaceX目前下饺子式量产已经足够支撑起接下来的8-9次发射，不排除下一次就会带上星链V3的载荷，这一次的发射成绩应该会极大的收获NASA乃至美国各方的肯定，FAA方面应该会提供更多的方便，坐等下一次咯。,1,11,154,1710430064,江苏
X自己不敢说大话成功，小子们直接贷款啊啊啊明明连最终目标PPT的程度都不到，每次大侄子都能找到角度开吹，翻来覆去的舔，马斯克都嫌恶心了，还一个劲的认父，是真的—。,1,1,4,1710429998,未知
特斯拉这么久没出新车，股价跌成那样，营收增速也放缓。马一龙绝对拿着特斯拉的钱买推特和做大火箭放烟花了。,-1,1,3,1710429974,吉林
不对吧，记得去年知乎的风向还是群嘲啊，这会知友们都在找补了？,0,1,4,1710429958,加拿大
你可能无法相信。但这次是真的人类之光。,-1,0,7,1710429927,广东
即使把这样试错来进行快速迭代的方法给你了，中国目前缺乏尝试的勇气与动力。很多时候“祖宗之法不可变”听起来可笑，但是却实实在在地发生在国有的企业里。,-1,2,3,1710429859,湖北
第三次发射完，对于我来说，已经可以盖棺定论了，这火箭可以说已经成功了，后面只是完善回收技术的过程罢了。我看看老马下一波敢不敢直接上星链载荷，要是真上了，概念股估计得来一波了。,1,3,10,1710429829,广东
看标题还以为失败了呢,1,0,4,1710429753,广东
美国制造业只能靠马斯克了。,-1,0,1,1710429643,上海
总的来说确实有进步但是，打个比方，上火星好比要赚一个小目标，那么现在相当于简历都没写完。星舰猎鹰整体思路就像强行用蒸汽机造高铁，有种上世纪飞艇一样那种科技树点歪了的美,1,1,0,1710429561,广西
人类之光，每次都是实打实的进步。每次看这种人类向太空前进的新闻都会想到《三体》，人类成为星际种族。前进四！,1,0,1,1710429548,上海
进步巨大，距离完全成功只有一步之遥了。头次看到这么清晰的再入画面。听解说是利用了星链，猜测是数据上行到星链再从星链传回地面，这样就避开了舰体下方等离子体屏蔽信号的问题，同时带宽大支持高清实时画面。剩下的问题：一级失控高速砸到海面上。星舰再入阶段进入黑障后失联了。第二个问题比较困难，不过预计再来一到两次发射试验也就能完全解决了。然后就可以上载荷了。星舰解体的问题，虽然有隔热瓦脱落但只是个别的，以前有过隔热瓦脱落靠不锈钢撑下来的案件，这方面可能性不大。目前看姿态没保持住的可能性大。以往再入航天器除了航天飞机可利用气动外形，都要频繁使用RCS保持姿态，但从直播视角看，没有发现RCS的喷流。等有回放再研究吧。,-1,11,16,1710429502,北京
快速回顾前两次试飞。2023年4月20号，starship进行了第一次试飞。此次试飞打破了苏联保持了半个世纪的纪录，是当时最强大的火箭。火箭起飞时损坏了发射台及其周围的基础设施，并且有些残骸散落在博卡奇卡州立公园。在飞行过程中，三台发动机未能启动，还有其他几台在飞行中失效。由于缺乏推力矢量控制，火箭在进入超音速飞行后，未尝试进行分离，而是失去了控制，最终被摧毁。2023年11月18日，星舰刚刚进行了第二次试飞。本次试飞实现了发射台无损且承受了1600w磅的推力，热分离，149km的试飞高度。由于热分离以后，Starship并未按计划飞行，最终，SpaceX被迫摧毁Starship，以免其偏离轨道。热分离2024年3月14日，第三次试飞有四个主要看点。看点一：助推器能否在海上自主且受控着陆在第二次试飞的时候，大家看到，助推器在和飞船完成热分离以后，很快发生了爆炸。这次试飞助推器能否完成自主可控的回收是关注的重点。如果一起顺利的话，在发射近三分钟后，超重型助推器将燃烧掉大部分燃料，并脱离星际飞船，然后，助推器将在海上完成自主受控着陆，而星际飞船则使用自己的发动机继续推进。第二次发射，助推器发生爆炸的瞬间看点二：星舰飞船在印度洋硬着陆星舰这次飞行的目标并不是真正进入轨道，而是，飞船将在印度洋硬着陆，着陆点大概距离最近的陆地超过 370 公里。看点三：推进剂转移演示SpaceX 还将进行“推进剂转移演示”，其目标是将星舰飞船上的一些推进剂从一个储罐转移到另一个储罐，该演示是为了飞船在轨道上运行时如何在未来的任务中补充燃料做准备。看点四：舱门半开星际飞船在进入滑行阶段时，会尝试使一个舱口半开，以便太空舱在未来的任务中将卫星部署到太空中。星舰此时直播画面最后，今天的天气并不完美，SpaceX今天说正在密切关注风向，预计天气条件有大约70%的可能性足以起飞。另外，根据SpaceX周三的消息，发射可能在110分钟的窗口内随时进行，该窗口将于美国中部时间周四上午8：50。期待星舰第三次试飞！祝好！看发射直播中：首先星舰飞船再次实现了热分离，分离后的飞船达到了轨道速度，大概27000千米/小时。其次，助推器最后虽然没有完成回收，最后还是在在海中坠毁，下图可以看到降落前的速度1000多km/h，过快，且不稳定。但是相比较第二次发射，前进了一大步，视频里已经看到海了。最后，在星舰飞船滑行阶段，实现了有效载荷门半开，以便太空舱在未来的任务中将卫星部署到太空中。Pez舱门关闭下一步期待 星舰飞船的重新点火，并且在海中溅落。星舰飞船进入大气层，准备在海中溅落。,1,16,41,1710429499,北京
感谢凤凰卫视，这次能看到直播。感谢有关部门，允许我们看到直播，见证人类星际旅行到来的时刻。首先，我认为，星舰1.0版本已经彻底成功。不差钱的大佬可以和空X签约发射合同，太空旅游，太空工厂，太空实验室，太空生产，太空生活的时代已经开启。别等马斯克的可回收报价了，第一个吃螃蟹的才是狠人。真空环境，微重力环境的无人工厂，可以开始研发，设计，考虑搬到太空了。其次，可回收测试基本失败了。当然，这不是最重要的，可以慢慢来。我很担心马斯克那个疯狂的筷子技术，能不能修炼到他想象的样子。想想就可怕，那么大的家伙，要稳稳地落下，夹住，精度如果超过1米是难以想象的。太疯狂了！最后，产生一个更可怕的联想，如果有人想造一个150吨的超大胖墩，丢到莫斯科，那莫斯科还会存在吗？,0,1,4,1710429421,湖北
SpaceX让人感到不可思议的永远是他的迭代能力和成本控制。测试间隔时间一次比一次短，每次都比上一次有本质上的飞跃提升，这种成果和数据不断叠加之下的能力，移民火星看起来已不是什么难事。期待中国航天也加加速吧。,-1,0,3,1710429389,黑龙江
我一向觉得这种传统火箭式的运载工具很快就会淘汰，就像新能源淘汰燃油车一样,1,0,0,1710429360,广东
帅，马斯克无愧于他的名声美国要是真的再次崛起，不会是从特朗普，而是从马斯克，全世界有钱人多的是，但是没有任何一个有钱人，敢于像马斯克一样，在看不清前路的时候，在黑暗中大踏步开辟前路，无论是电车，可回收火箭，还是现在的“宇宙飞船”。也许有些人跟风某些赛道后，做的比马斯克还要好，甚至在某个赛道超越了马斯克，但所有人心里都有数，开辟者-无与伦比。毫无疑问，马斯克超越了国家的限定，厌恶美国，但不妨碍给马斯克点赞，这是马斯克应得的。,-1,0,7,1710429359,上海
事实证明，别人又一次走在了我们的前头。或者说，别人一直在前头，而且还不断的再向前走。我们总说要弯道超车，要自我创新，要世界一流，但貌似依然举步维艰，科技进步远远不是我们想象的那么简单。简单的从一次性发射角度，这次的星舰的任务可谓是十分完美，虽然回收的实验并没有成功，但对于已经拥有回收成功经验的马斯克团队来说，总算有了可以1+1客观基础。此次发射任务完成之后，我相信马斯克团队肯定收获了巨多的相关实验数据，对星舰的完善也有了更明确的目标，可以肯定的说，可回收火箭的实际运用已经是可以预料的了。对于人类进程来说，马斯克团队开辟了全新的道路，并一直在向前探索，这是人类共同的财富。对于中国航天来说，这也是我们可以借鉴的新技术新方法。不论如何，踏进每一脚未知的一小步，都将汇成人类进步的一大步。,1,0,5,1710429346,河南
愣着干嘛，遥测部门赶紧找啊！海事部门赶紧动啊！这些领导还在睡觉？？那可是33台猛禽！,1,1,0,1710429271,未知
挺好的，美国通过NASA把这笔钱投资给星舰，无论成功与否，也算是对人类有益。这样落在巴勒斯坦人的头上的炮弹就会少一些,-1,0,1,1710429243,广东
中国航天加油，这个课题里可以出好几个院士。那边看着Tiktok被美国议会要强抢，感觉美帝国真是药丸了，堂堂资本主义帝国人才济济，竟然开发不出一款能够超越Tiktok的软件，在市场竞争下完全比不过中国算法工程师。更让人吃惊的是居然可以如此耍赖，帝国的制度自信哪里去了？让一众仰慕灯塔的信众何去何从？这边看着星舰和OpenAI的成功，感觉还是老美科技实力雄厚，能够继续引领人类的科技进步。只是这先进科技能否还能维持老美的霸权？有点担忧中美如果起了冲突，美国会不会还有什么杀手锏？还是希望老美能够和老中斗而不破，良性竞争，展望星辰大海，为人类开疆拓土。,1,2,7,1710429242,广东
未来，应该是星辰大海！我们的科技公司，加油跟上吧！,1,0,0,1710429234,广东
发射准备流程优化过了，50分钟搞定。考虑到这是人类历史上最大的火箭，这个速度瞠目结舌。发射决心很大，老板不在不要紧，天气预报不佳也不要紧。熟悉SpaceX直播的都知道，F9发射经常顶着30%的天气放行概率准备。但F9是成熟的中型火箭，和Starship完全不是一个概念。说实话直到最后一分钟我都以为要鸽掉了。上升过程完美，应该说作为一次性火箭已经基本成熟了。一级返场点火问题解决。二级成功进入预定轨道，速度距第一宇宙速度就差一点，基本可以认为正式入轨是没什么问题的。燃料转移的demo测试完成，这对于下一步轨道加油至关重要。一级和二级最后的姿态控制都出了问题，这个是下一次发射需要解决的。感觉一级回收离成功不远了，最后就只差了一口气。二级再入时的等离子体流画面非常漂亮，应该是历史上第一次这么全面展示。之前只能由宇航员在飞行器里面拍舷窗外的一点点等离子体。星链的又一个免费广告。【SpaceX星舰28再入大气的过程-哔哩哔哩】 https://b23.tv/VpidiqH,1,14,211,1710429035,上海
.,1,0,1,1710428941,江苏
,0,1,4,1710428913,陕西
看到再入大气层尾翼的电离层，感受到什么叫血液沸腾的感觉！,0,0,19,1710428899,广东
星舰主打可重复使用，但这次一二级回收均失败，这还是在没有载荷的情况下，回收成功还很遥远，即使成功后，33台二手猛禽的可靠性也会极大的降低。,1,3,5,1710428898,河南
即使个人十分讨厌马斯克的营销及TSL粉丝，但看到spaceX的进步还是感到很高兴，希望早日成功！,-1,3,4,1710428869,山东
美国迟早要完，但可能不是现在,1,2,1,1710428847,黑龙江
这才是真正的遥遥领先！承认差距正视短板我们要走的路还很长。,1,8,9,1710428839,新疆
进步很大，但离最终目标还有一定距离，当然迭代快是一个巨大优势。,1,0,1,1710428806,未知
目前来看很多月薪三千的网评员很急（哦忘了 劳动法下他们还没有三千底薪）让老美展示一下什么叫先进生产力啊（仰头）本次载人航天按照月薪三千网络乞丐的说法，完美验证了幽默老钟的路线是失败的老钟啊，别再照抄作业了。你看看再抄就要变60分了（悲）,-1,0,17,1710428793,未知
进入近地轨道  ✔一二级火箭分离  ✔太空加注燃料  ✔太空采集数据  ✔助推火箭软着陆  ✘星舰进入黑障之后预计3分钟与地面通信或者星链继续通信  ✘  （确认黑障之后失联）整体来看基本符合马斯克说的70%的预期。这个迭代速度实实在在的恐怖，希望咱们国家的航空事业务实效率一些，让科研回归纯粹，剥离政治属性，最快的进步就是从失败中总结经验，而不是地上做几年论证就为了一次成功发射，啥时候领导能明白时间不在我们这边啊！！！迭代！迭代！不择手段的迭代！！！,1,2,14,1710428679,江苏
这东西现在已经是人类历史上最大的重型火箭了，超越了土星五号，SLS，能源号，还有那个仅存于模糊影像里的传说中的苏联上古神器N1…当然，因为不是正式任务，没法验证150吨的LEO，毕竟这次没放水泥载重，还有一个，这玩意几乎全程4K直播，甚至再入大气层时的高温等离子体都是1080P的，没有天上的那几千个卫星是做不到的。如果这是一个传统的重型火箭项目，已经成功了，至少是可用的状态，一发几个亿看着挺贵，但想想150吨的载荷…似乎挺值得？空军想用的话，塞几十个LRASM或者JASSM当个一次性太空版速龙运输机也不亏…至于回收，慢慢来吧，应该还有两三次飞行才能做完再点火和解决隔热方面的问题时代在发生,-1,1,76,1710428671,江苏
我的朋友圈已经有人在说遥遥领先了。还能怎么看，宏大叙事呗。摊手……,1,0,0,1710428659,云南
以前我都是看直播的，这次根本没看，因为大致猜到会是这样一个结果。然后马斯克一会肯定发推，祝贺spanceX团队在XXX上取得了成功，我们会继续努力！如果你是投资人你还会继续注资吗？,1,4,0,1710428576,北京
直播的回答写在另一个问题下面了。SpaceX 星舰 3 月 14 日晚将进行第三次试飞，马斯克晒出最新现场图，哪些信息值得关注？先简单整理一下时间线吧：20：25推进剂开始加注，箭在弦上，由于附近海域有船只需要驱离，发射时间延迟稍有延迟，预定发射时间为北京时间21：25。21：25一级发动机全部成功点火，星舰发射升空。21：30超重助推器的发动机熄火，一二级成功分离。21：34超重助推器成功溅落入海，姿态几乎垂直，但发动机没有正常点火，落海速度为1000km/h。这是一个问题点，等待后续调查结果吧。21：36星舰飞船发动机熄火，成功入轨，大厅响起了欢呼声。第二次试飞没能实现的目标完美达成了。22：15二级成功再入大气层，但是也有个小问题，姿态有些不太对，最终丢失了信号。这也是SpaceX的传统艺能了，解决老问题，发现新问题，留着下次再解决吧。本次发射主要有以下几个目标：一，星舰飞船入轨这是第二次试飞未能完成的任务，当时飞船距离成功入轨只剩几十秒的时间。因此，这次试飞的第一目标就是将星舰飞船成功送入轨道。这是正是老马发推庆祝的内容。二，模拟释放载荷之前两次的载荷舱门都是焊死的，这次飞船的载荷舱门将尝试打开，模拟释放星链卫星的过程（当然只有开舱门的动作，本次上天仍然只是验证，没有携带任何载荷）。三，飞船再入的实验这是本次最值得期待的两项之一，在大气层外，飞船将尝试二次点火，再入大气层。为此，星舰重新设计了隔热瓦的布局，溅落地点则从之前的夏威夷变成了印度洋海域，大大缩减了航程，也留出了足够的窗口时间验证点火。四，推进剂传输最值得期待的两项之二，就是万众瞩目的推进剂传输了。重10吨的液氧将从顶部的储存罐转移到底部的主储存罐中。这也是NASA的阿尔忒弥斯登月计划中的重要一环。鉴于目前登月已经被推迟到了2026年，再往后推就没面子了，留给星舰的测试时间已经非常有限。推进剂传输实验，将是SpaceX证明自己的一个重要机会。本次发射，可以说是100%达成了预定目标，同时也依然存在着一些问题，有待下次改进。这也正是星舰一次次迭代发射的意义所在。这次发射的星舰飞船是S28，但最新的星舰飞船已经建到S31了，也就是已经有三艘飞船原地待命中了。S31只花了一个月的时间就组装完成，未来建设速度还会进一步提升。老马表示，今年至少可以进行9次试飞，虽然FAA大概率不会放行，但2~3次发射还是稳稳的。如此恐怖的迭代速度，一次比一次更接近成功的试飞，这一幕幕是如此的似曾相识。即使已经过了那么多年，第一次看到猎鹰九的一级稳稳落在回收台上时的那种震撼，还记忆犹新。SpaceX可能真的可以再次创造历史吧。今天也是SpaceX成立22周年的纪念日。生日快乐，SpaceX。加油，星舰！,0,0,20,1710428571,辽宁
失败是成功之母,-1,0,0,1710428554,江苏
选择题，请问星舰还要发射几次才能成功！A0次 B1次C5次D无限次！,1,5,1,1710428421,未知
整个试验过程中，中控中心充斥着欢欣鼓舞的掌声和欢呼声经历过一小时的发射-飞行-入轨，第三次星舰终于交出了一份比较优秀的答卷此前，星舰已经完成了两次试飞2023年4月20日，首次试飞仅持续了四分钟便宣告失败2023年11月18日进行第二次试飞中，33台猛禽发动机成功完成了点火程序，并与星舰上级顺利分离，但星舰在进入卡门线后失联此次试飞在前两次试飞的基础上，完成了一二级分离、星舰坠毁式再入大气层等大部分任务，其他一些任务包括飞行器的推进剂转移演示、打开/关闭星舰有效载荷舱门、首次在太空中重新点火猛禽发动机等还有待官方公布一、推进剂转移演示：将位于星舰顶部的液氧舱中的一部分液氧转移到底部的液氧舱，该技术既可以保障星舰再入大气层过程的姿态稳定，也能够为后续登月中不同星舰个体间推进剂/燃料加注补充的技术验证；二、太空点火技术：在进入太空常规飞行阶段关闭星舰发动机，必要时（变轨、转向）重新点燃发动机的技术，意味着星舰在进入太空后，能够在其引擎熄火的情况下，重新启动引擎，进行二次或多次轨道调整或姿态控制，该技术能够减小燃料消耗，火箭控制更加精准。还有一些不完美之处，一级火箭33台猛禽发动机在回收过程中未按照既定程序全部点燃，估计是推力不够，由“软着陆”变成了“硬着陆”值得注意的是，完成星舰第三飞的同时，SpaceX还抱持更大野心，正在寻求FAA批准，推进今年发射9次星舰的激进计划这种高密度频繁发射可以提供一个新的视角去关注Space X的技术硬实力——猛禽发动机的产量来简单计算一下一台星舰有33猛禽发动机，不到一年时间，近百台猛禽发动机在三次试飞过程中燃烧成灰烬真的按马斯克的计划，今年开展9次星舰发射，将使用近300台猛禽发动机不管这些发动机是货架产品或者边用边造，SpaceX的猛禽产能是在是断层式的存在熟悉工业生产的人都知道这样流水线般的稳定性和可靠性是多么的可贵背后隐藏的工业能力可圈可点也许正是这种独特的工业变现能力，快速迭代能力，才成就了spaceX这类公司的成功也让人们看到了太空探索过程中的更多可能正如有人所说“spacex的伟大不在于科技多么黑多么先进，而在工程运用上的登峰造极”,1,6,19,1710428419,陕西
第一次起飞后不久爆炸第二次进入大气层熄火第三次返回大气层熄火第四次返回发射台爆炸（预测）第五次回收成功（预测）星舰发展速度有点快啊，很可能今年就能成功。马斯克虽然造车不咋地，但造火箭还是蛮厉害的，啥时候把火箭研射基地也搬来中国就好了，中国人民欢迎你。,1,3,0,1710428284,湖北
基本上算是成功了，因为最主要的发动机成功了剩下的问题以后测试收集数据都是可以解决的目前来看基本上可以确定以后火箭未来相当的一段时间的道路了，这种串联火箭发动机之前比目前单台潜力大多了估计还得几次测试才能上载重或者载人,-1,0,5,1710428204,安徽
一个化学能火箭，唉。,-1,11,0,1710428121,湖北
太美了！Starship in LEO姿态调整RCS姿态控制像看科幻片一样的再入大气层！开始和大气层摩擦剧烈的摩擦进入黑障再入失败成功了一半！期待下一次发射！,1,0,4,1710428102,上海
人类文明要进入新纪元了,-1,0,2,1710428073,北京
唯有感叹差距！技术从不认为是壁垒，重要的壁垒是思想和政策。谁会想给火箭做减法，谁会想着自己掏钱发火箭，这些都是思想和政策的壁垒。,1,1,1,1710428068,河北
上次达到预期说失败。这次超预期目标，说任务提前结束。不愧是新闻学。,-1,0,11,1710428031,浙江
本帖持续更新。（我更新比顶楼快！！）SpaceX星舰如果要取得有商业意义的成功，要过三关。具体在更新部分后面。以下是图文直播部分。总结基本成功。瑕疵在于回收时一级火箭有发动机没有点火成功，虽然落海保持垂直但溅落速度似乎有点快，如果下面是陆地就粉身碎骨了；二级SN28直接寄了。所以不算圆满。但其他实验目的都达到了，包括燃料转移和发射载荷能力都验证成功，总体瑕不掩瑜。我上面说的三关，第一关已经过了。所以我更两篇。（有干货）写在SpaceX星舰第三次试飞之际：《天权时代：星舰将如何改变世界——序言》22：32SN28信号消失。寄了。22：1765km高度，SN28进入载入返回黑障区。22：14再入大气层！二级火箭（SN28）达到70公里高度关键位置，没有解体！接下来的一关就是落海了。22：05推进剂内部转移成功。21：49两艘飞船开始实验转移推进剂。21：37星舰向太空中发射载荷的舱门打开。21：35星舰进入距地表164公里的亚轨道21：33星舰试飞时间超过上次21：32一级火箭、助推器垂直溅落印度洋，飞控室爆发出巨大欢呼声21：29一级火箭正在返回地球。21：28热分离顺利完成。21：27全部33台发动机工作正常。21：26点火。20：36发射时间从北京时间21：10推迟到北京时间21：25.从直播画面来看，星舰正在加注燃料，今天应该不会取消发射，但延迟几个小时是可能的。20：34离原定发射时间还有16秒时发射时间推迟到北京时间21：10星舰过三关第一关，把载荷送入近地轨道。如果这一关能过去，星舰就是目前全球服役的运载重量最大的火箭，而且有不锈钢外壳、大批量制造、液氧甲烷燃料等降低成本的手段加持，即使最后没能回收利用，成本相对NASA的SLS也是有优势的。所以，过了这一关以后，如果一次性要运送100吨以上载荷，星舰相比于现有超重型火箭的优势就是显著的。第二关，第一级火箭回收。过了这一关，星舰的单位质量载荷运载成本将下降到接近猎鹰9号和猎鹰重型的水平。 SpaceX正是靠着可重复利用的猎鹰9号和猎鹰重型，以显著的成本优势，在去年承担了全球近87%的发射任务。而星舰相比于以上两型火箭，还有单次载荷更大的优势，可以承担以上两型火箭无法承担的单次载荷达到63.8吨-100吨+的任务。第三关，第二级火箭和助推器回收。过了这一关，就足以证明，星舰的单位质量载荷运输成本将显著低于猎鹰9号和猎鹰重型。因为星舰从设计之初，就是为了大批量制造而服务的。这将颠覆已经被SpaceX颠覆过一次的航天发射市场格局，创造出大量的市场需求。这三关，星舰能闯过几关，是这次试飞的最大看点。在金融全球化时代，没有未来的民族，就没有现在。而星舰，就是未来。星舰成功之前，谁也不知道它是不是下一艘冰航母，是不是永远只能停留在图纸上。但是，它一旦成功，对一个国家的战略实力的提升，将是全方位的，也是划时代的，笔者将在《天权时代：星舰将如何改变世界》系列文章中展开论述。文章将在笔者的公众号：八宝锦囊上更新。知乎上也会更新部分内容。序言如下：（有干货）写在SpaceX星舰第三次试飞之际：《天权时代：星舰将如何改变世界——序言》,1,28,120,1710428005,上海
人类之光,-1,1,6,1710427976,湖北
一句话总结:作为一次性火箭，星舰已经成功了作为可回收火箭，星舰还得2次发射当然大家要明白这一对组合体是2022年生产的现在库房里sn29/30/31嗷嗷叫等着发射呢,1,9,111,1710427903,安徽
你知道这个有多美吗？,1,2,50,1710427817,上海
庆科掌文,0,0,2,1710427773,广东
一个在地球上工业能力被吊打的国家，居然被人吹到能在太空发展工业，这真是生下来就直接会跑步了。我只能说，吹还是美国人会吹，毕竟是种族天赋。咋了，卡车发动机技术领先就代表能造楼了？,-1,5,1,1710427767,广东
成功发射，成功分离，成功再入(二级解体是在再入后)。就表示星舰已经达到了可以运营的程度，之后就像最初的猎鹰9号一样，一边往太空打星舰，一边改进回收，赚钱试验两不误。,-1,1,13,1710427737,未知
牛逼,-1,0,0,1710427727,内蒙古
马斯克不愧是人类之光！请马上去拯救加沙人民吧！请马上解决世界儿童们的饥饿问题吧！,-1,3,1,1710427727,广东
知乎这热榜是用户刷的吗？前一分钟在热棒第3，我看了俩回答回来就第11了？3.14，是\pi day啊，他没来个15:起飞，9:26降落全场看直播，现在仍然在小窗口看。第三次看样子一级本没准备回收，二级应该是想获取再入后的数据，但是在65公里处以后丢失了连接。一开始说是1分钟黑障，现在快15分钟了，估计是彻底失联了。不管怎么说，星舰的3次进步太神速了，第一次到现在感觉没1年吧，感觉都不是一个东西了加油，人类的梦想！,-1,0,14,1710427712,江苏
我就想问丢失后会掉到哪 ,1,1,0,1710427663,江苏
航天人的终极梦想是殖民火星还是当官？,0,1,9,1710427658,美国
打了一大段字，全部删了，祝贺马斯克,-1,1,10,1710427624,云南
Fxxking awesome！比起前两次试飞，这一次的的完成度高了很多，也进行了多项试验可以期待下一次的试飞取得更多的突破,1,0,2,1710427542,浙江
首先现场控制厅像是盖在大街上。注意玻璃外的围观群众和右下角的马里奥兄弟，这个工作氛围确实挺spacex的。然后就是这不锈钢罐的内部，你还真是个大罐子啊。另外就是发射全程直播基本没有卡顿，并且有超高清晰度，实在流量捉急没敢开。侧边隔热瓦有个别脱落，卡扣不紧还是什么原因？目测个位数问题不大。,-1,0,9,1710427537,北京
其实按照普通火箭标准，土星五号已经可以瞑目了，总算可以瞑目了。回收和一级火箭的问题属于星舰给自己订的问题，下次继续呗。,-1,0,6,1710427527,上海
殖人们也别踩一捧一了。马斯克这人的层次已经超越国家，他一只脚已经迈入了人类历史伟人之林。星舰第三次试飞的成功发射，证明了马斯克快速迭代理论的可行性。也就是说，在我们的有生之年，在马斯克的有生之年，我们很可能看到人类“殖民火星”（在火星上建成人类聚居点）。可以说，马斯克他本人是将“殖民火星”当做他一生的使命来做的。我们可以代入一下马斯克的视角，一个天才，一个天才理科生的视角，思考一下，如果他想跟牛顿、爱因斯坦一样名垂人类史册，该怎么做？从人类史的角度看，在当今时代，做什么能在未来所有国家的教科书上都留下自己的名字呢？答案便是“殖民火星”——这个最有可能实现大规模移居的星球，一旦成功，那就是永垂不朽，将来银河系每个殖民星球上都将伫立着他的雕像。说真的，星舰项目要是成了，马斯克带领人类成功殖民火星，他就是人类历史上最伟大的人物之一。在遥远的未来，当人类的足迹踏遍整个银河系，马斯克今天对于“地球文明”的开拓之功，堪比3.5亿年前，第一只从海洋踏上陆地的鱼。在这个永载史册的“不世功勋”面前，SpaceX、或者说星舰项目在马斯克心中的地位之高是无可争议的，甚至创建特斯拉本身也在为“殖民火星”这个目标服务。分析马斯克的创业经历可以发现，马斯克1995年创建Zip2，1999年3亿美元卖掉，他获得了2200万美元的第一桶金；随后马斯克创建PayPal，2002年15亿美元卖掉，31岁的马斯克拿到了其中的1.65亿美元。Zip2、PayPal在某种程度上是马斯克为“梦想”做的准备，毕竟完成“殖民火星”这个项目，没有钱是万万不能的。2002年，马斯克创立SpaceX，从此以后他再也没有卖过任何一家公司。2004年，马斯克向注资特斯拉汽车并成为董事长，原因可能是火星上没有石油，想要实现“大规模移民”必须发展电动车。2006年，马斯克创办SolarCity，现已成为全美国最大的太阳能发电公司，太阳能对“火星基地”的作用不言而喻。2013年，马斯克提出超级高铁（Hyperloop），这套系统的运输舱运行于减压、近真空的管路中，以太阳能供应的电磁悬浮原理轨道中行驶，因此能大幅降低阻力，期望能使列车加速达每小时1080公里。要知道火星表面空气密度是地球大气1%，天然的近真空环境，这更像是个火星列车项目，用于火星城市间的通勤。2016年，马斯克创办The boring company，是一家基础设施和隧道建设公司，该公司表示，试验隧道可以用于超级高铁研发。当然，火星上的挖掘作业也必不可少。在创办SpaceX后，马斯克大量创业项目都围绕着“火星殖民”计划进行，而他正在用一个又一个商业奇迹将计划有条不紊地向前推进。星舰是马斯克“火星殖民”计划中的重要一部，而且在稳步推进之中，他正走在成为伟人的康庄大道上，每一步都是在创造历史。对于“人生”，《寻梦环游记》有这样一段论述：人的一生，要死去三次。第一次，当你的心跳停止，呼吸消逝，你在生物学上被宣告了死亡；第二次，当你下葬，人们穿着黑衣出席你的葬礼，他们宣告，你在这个社会上不复存在，你从人际关系网里消逝；而第三次死亡，是这个世界上最后一个记得你的人，把你忘记，于是，你就真正地死去。整个宇宙都将不再和你有关。这种想在死后留下点什么的心理广泛存在于人类群体之中。在中国，有“立德、立功、立言”的“三不朽”，讲光宗耀祖，讲青史留名。为集体做出的贡献越大，就越会被人记住，记得更久。马斯克个人的成就其实跟人类的星际成就直接相关，人类在银河系、在宇宙的“星际殖民”越成功，他作为开拓者的荣誉就越大。站在一万年后看现在，要是马斯克真成了，当下80亿地球人里能留下名字的，估计只有马斯克了，至于拜登、特朗普这样无足轻重的“小人物”，还得蹭马斯克的星光，在《马斯克传》的角落中幸运地留下姓名。所以说，站在马斯克的高度，人类历史的高度，他会如何看中美之争？会用星舰帮美国政府对付中国吗？不会！对于马斯克来说，当下最重要的是世界和平。如果中美、美俄开战，必将导致星舰武器化，无论是中俄破坏，还是美国逼迫，都将让他用星舰“殖民火星”的计划破产。“殖民火星”计划是马斯克的根本利益，所以必须竭尽所能阻止中美、美俄的敌对情绪恶化下去，阻止战争的发生。马斯克在美国极端的舆论环境中看到了中美开战、美俄开战的隐患。所以他买下推特（X），试图扭转美国的仇中、仇俄舆论，所以他对于中国、俄罗斯、巴勒斯坦的中立言论在美国的政客、资本家中格格不入。马斯克想要和平，他不允许华盛顿那帮执着于蜗角之争的虫豸破坏他“殖民火星”的伟业。对于马斯克来说，他跟提倡人类命运共同体的中国还有共同语言，而美国华盛顿的那帮唯恐天下不乱的虫豸则是他最大的敌人。所以说，我们不应该把马斯克看成一个纯粹的美国人，星舰是全人类的成就。他跟中国也存在很大的合作空间，如果哪天美国成了他实现“殖民火星”的阻碍，马斯克完全可以来找中国。当然了，人类殖民星际的历史是一块大蛋糕，我们不应该让马斯克专美于前，也要留下我们中国人自己的名字，中国航天人得努力啊。,1,1,18,1710427481,江苏
今年36了，是不是有生之年可以看到人类登陆火星？,1,7,4,1710427411,湖南
没看到烟花失望,-1,0,1,1710427298,吉林
还是美国人的新闻写的好啊。-----------------补充一下翻译-------------星际飞船丢了，但取得了重大进展SpaceX失去了与其两个关键通信系统的联系：一是与Starlink（SpaceX的互联网服务）的联系，二是与TDRSS（跟踪与数据中继卫星系统）的联系。同时失去这两个系统的联系暗示着星际飞船可能已经解体。SpaceX的Dan Huot刚刚宣布：“我们现在做出判断，我们已经失去了（这艘）飞船，”他说。“今天不会有飞船着陆，但再次看到我们这次取得的巨大进步实在是令人难以置信。” SpaceX在过去的两次飞行测试中，比这次要早得多就失去了Starship和超重型助推器。SpaceX通常将这些早期试飞中的失败视为正常情况。这些飞行测试的目标是收集关键数据，以便工程师们可以回去对Starship进行调整，为未来的任务改进它。,1,1,4,1710427272,美国
星舰项目是马斯克和他的SpaceX公司一直以来积极推动太空探索技术的发展最典型的例子。尽管此前的两次尝试发射都没有取得预期的成功，但正所谓“失败乃成功之母”，所以从这方面来看，两次发射也并不是完全没收获。可以说马斯克和SpaceX公司的每一次尝试，都积累了宝贵的经验，为此后的技术改进和发展积累经验。星舰计划是一个极具挑战性的任务，它的最终目标是运送宇航员往返地月并登陆火星。星舰“已达到环绕速度”，意味着在此方面已经取得了较大的进展，所以马斯克向星舰团队表达祝贺，也是在情理之中。SpaceX「星舰」重型运载火箭第三次试飞，是在前两次试飞均以失败告终的情况下进行的，并且这次试飞成功达到环绕速度，这标志着SpaceX在重型运载火箭技术方面取得了显著的突破。这对于未来的商业发射和深空探索任务至关重要。按照设计，星舰火箭能够搭载大量货物和人员前往太空，甚至实现登陆火星等深空探索任务。如果此次试飞取得较大的成功，毫无疑问，未来星舰火箭的商业价值将会更上一层楼。尤其是随着商业航天市场的不断发展，竞争也日益激烈。SpaceX作为这一领域的领军企业，旗下星舰火箭的成功试飞无疑将进一步巩固其在市场中的地位。,1,0,2,1710427266,广东
漂亮https://www.zhihu.com/video/1751739230089297920,0,0,10,1710427219,北京
鉴于SpaceX在俄乌战争的表现，以及美国对我国的敌视态度，任何SpaceX的成功对我都是打击，甚至任何买特斯拉品牌的车在我看来都是资敌。,1,16,0,1710427213,湖南
看完了整个过程，我的疑问是星舰飞船，也就是Ship21最终可能去了哪儿？是直接摔进了海里，还是掉到了地面上，抑或是在大气层烧没了？每次试飞都能前进一步， 后院里还备着4发，可以说非常稳了。希望我们也能早点实现太空旅游~ ,-1,4,7,1710427186,北京
一级掉了，不过掉就掉了吧，不影响市场。反正客户关心的是把我的货送上去，你的推进器没能回收关我P事。所以说，商业逻辑上算是成功的。,1,5,4,1710427172,湖南
没有完全成功，只能说太可惜了。两级火箭都有没有完成的部分，给诸位看一下星舰第三次试飞的目标，觉得不清晰可以自己找一下。可以看到第二次在分离时失败了。而这一次一级火箭着陆点点火没有完全成功。二级火箭减速失败。若是普通火箭此刻已然皆大欢喜。可惜是空X，只能说有非常非常大的进步了，也算完成了基本的测试了，但是距离最终目标还是有很大的差距。希望下一次能成功吧。,-1,3,3,1710427160,江苏
又直接跨过重新登月，直接登顶火星了？,-1,0,2,1710427134,江苏
热烈祝贺，这是人类历史上浓墨重彩的一笔，这绝对值得所有理性的人高兴，不过在b站看直播实在是难绷，不是中药丸就是中特赢，一个up主的直播间连续禁言了好几个，尊重科学发展的客观规律，承认中国航天的好与不好，对于某些群体还是太难了,0,0,2,1710427076,海南
这颗人类历史上最大的火箭成功入轨了，恭喜马斯克，Space X的一小步，人类的一大步！,1,1,4,1710427073,江苏
文字直播结束，不再更新。谢谢大家一小时的陪伴。星舰成功进入预定轨道，在轨加注演示完成，但一级软着陆于海面失败。猛禽发动机重新点火演示取消。     再入非常美丽，SpaceX宣布星舰第三发已丢失。WE HAVE LOST IT。     到目前为止，这次发射算是星舰向前进了一大步，但是直播的背景音乐选得真是糟糕。22:16 信号中断中，最后数据在 T+49:35m，海拔65公里高度，速度7.14 公里/秒，然后再入信号丢失。现在等待再入完成后是否能再次收到信号22:·13 再入信号还可以22:12 OHH 从来没见过这个场景，好美的等离子体，cool这应该是我们第一次看到大气层再入时的实时图像22:10 下降至105KM，有点翻滚，这对再入来说不是什么好兆头猛禽发动机重新点火演示取消21:56 星舰在太空中使用RCS，能看到“小瓷砖儿”掉了几块21:50 内部给了特写。有效载荷门正在关闭中。在轨加油demo演示完毕，超出我的期待。画面有点断，我好像看到有效载荷门似乎在关闭过程时弹开来了....21:35 有效载荷门打开。单发人造物单体在太空中游荡中。21:34，星舰发动机切断，所有发动机都正常工作。助推器已挂/21:32 OHHH ，助推器好像出问题，网格鳍抖动过大，不稳定一级助推器的最后一秒镜头，发动机一个白点儿，网格鳍疯狂摇摆21:30 一级助推正在返回21:27 助推器 MECO（发动机关闭），热分离21:26 过MaxQ点21:25 点火升空！T-3.14目前倒计时还算稳定。还有4分钟。小提示：即使今天的星舰发射一切按计划进行，最后的结果仍然是“爆炸”，所以不要再被“星舰又炸了”的标题党给涮了。如果不爆炸才是大新闻（虽然不可能）。这次的主要看点，一个是是否能比上一次走得更远，一个是能否成功打开和关上星舰有效载荷释放口，虽然这次没有真的带载荷上去，那么再期待一下能看到推进剂转移和猛禽在轨二次启动。另外，这一次如果星舰能够顺利受控重返大气层，那么就能收集到超过5马赫的再入数据。看看这次直播信号会不会断。另外，这次计划再入的地点，是土澳西面的印度洋上空，如果能在ship28能在再入时幸存下来，那也有点意思。,1,243,840,1710427042,上海
2024年3月14日，马斯克向星舰团队表达祝贺，星舰“已达到环绕速度”。那么，什么是环绕速度呢？环绕速度分为以下三种：第一宇宙速度(环绕速度)：卫星绕地球运转最小轨道速度，又叫近地轨道速度，即7.9 km/s。这个速度是人造地球卫星环绕地球运行的最大速度，也是人造地球卫星的最小发射速度。第二宇宙速度，即11.2 km/s，是物体挣脱地球引力束缚的最小发射速度。第三宇宙速度：v3＝16.7 km/s，是物体挣脱太阳引力束缚的最小发射速度。这三种宇宙速度是根据卫星在天上运行的轨道，通过万有引力定律计算得出的。卫星分为近地轨道卫星与地球同步卫星。近地轨道卫星环绕地球飞行，万有引力提供卫星和地球之间的向心力，地球的自转不再影响卫星的飞行。地球同步卫星在赤道上方，这种卫星与地球同步转动。同步卫星角速度与地球自转角速度相等。在地面的人看来，卫星好像是“静止”不动的。地球同步卫星具有如下特点：一、周期一定。同步卫星绕地球的运动与地球自转同步，它的运动周期就等于地球自转的周期。二、角速度一定。同步卫星绕地球运动的角速度等于地球自转的角速度。三、轨道平面一定。所有同步卫星的轨道必在赤道所在的平面内。四、高度一定。所有同步卫星的轨道半径都相同，即在同一轨道上运动，高度确定。五、环绕速度大小一定。所有同步卫星绕地球运动的线速度的大小都是3.08 km/s，环绕方向与地球自转方向相同。2023年4月，星舰火箭首次试射，升空约150秒后失控，火箭最终解体爆炸。第二次虽然星舰火箭成功进入太空，但之后发动机失灵，触发自毁程序火箭最终爆炸。星舰首先要能够环绕地球运行，然后才有可能飞向火星。预祝马斯克的这次星舰火箭发射能圆满成功！,1,1,4,1710427032,福建
星舰作为一个火箭已经成功了作为一个可回收火箭仍需努力,0,0,9,1710427023,广东
以被火焰吞噬作为结局，这可比大烟花浪漫多了。,-1,0,3,1710426980,天津
祝贺星舰第三次发射完美成功，二级回归穿越大气层画面不要太美！（表扬一下星链让我们普通人看到这种难得的画面）spacex公司估值今天要再提高20%！预计下次发射计划：一二级火箭（海上/陆地）回收。,1,0,9,1710426976,广东
在此重复我此前的一个观点。星舰的成功，意味着中国将在未来相当长的一段时间中，处于绝对战略劣势。星舰是一个革命性的载具，它是美军有史以来最理想的战略轰炸武器。星舰一次发射，能以千万美元级的成本，向中国投射数百枚500/1000磅级弹药。其单位重量弹药的投送成本已经低于F35之类的战术飞机，而生存性，突防能力和防御难度则远远胜出。在平时，星舰可以凭借超低入轨成本垄断全球太空发射市场，建立庞大的低轨道卫星群，树立无与伦比的太空优势。并通过商业运作，以极低乃至于无的国防开支维持相当数量的星舰的日常运营。在战时，星舰使，亚轨道常规武器战略轰炸，第一次成为一个有经济性的选择。在和平时期靠商业维持的星舰机队，可以在美欧之间穿梭往返，走高弹道向中国大量投射卫星制导弹药甚至普通炸弹，且完全避开中国对星舰本体可能的轨道拦截。十艘左右规模的星舰机队，即可在一年内发起成百上千次轨道轰炸，以千米级的精度投送以十万吨计的常规炸弹，对中国的主要工业区和中心城市造成严重的损失，重创中国的长期战争潜力。星舰使美国获得了不使用大规模杀伤性武器，单纯靠常规武器战胜中国的可能性。其使用和升级战争的灵活性，使美国可以自由的控制攻击的强度和级别，击败中国而避免互相毁灭。能对抗超低入轨成本的星舰的，唯有同样超低成本的入轨手段。航天部门如果不马上急起直追，顶着n连炸把星舰抄下来，中国将不得不在单方面挨打的绝对劣势下再忍受若干年。______广告的分割线_____发个广告证明我的立场。本人原创剧本，知乎同题材断层第一作品，超高好评率，欢迎品鉴。无名之辈：《战狼4:勇闯萝莉岛》新春贺岁版,-1,5,0,1710426937,上海
美中不足的是最后回收失联了，别的都很成功,-1,0,2,1710426910,广东
正在看直播，最有活力的创新只能在自由、包容的环境里出现。,1,5,1,1710426892,北京
相信SpaceX和相信室温超导一样，存在可能性的东西不过我宁可相信室温超导一些，因为这东西起码干活的大部分是我们国家的,-1,6,0,1710426787,广东
星舰这迭代速度，第四次5月份有没有戏能看到。,-1,3,3,1710426762,江苏
SpaceX的“星舰”重型运载火箭近日成功完成了第三次试飞，马斯克对此表示祝贺，并指出星舰已经达到了环绕速度。这次试飞的成功不仅是对SpaceX技术实力的一次展示，也对未来太空探索的蓝图增添了几分期待。以下是此次试飞的几个看点：技术创新：星舰是目前为止建造的最大最强大的火箭，高达120米，全加满燃料时重量约5000公吨。这不仅是一次技术的飞跃，也显示了SpaceX在重型运载火箭领域的领先地位。其采用了33个引擎的超级助推器和一个能够搭载多达100名宇航员的巡航飞船。飞行策略：与NASA相比，SpaceX采取了更加激进的飞行测试策略。他们不在实验室或测试台上进行测试，而是将飞行硬件置于真实飞行环境中，通过实际飞行来获取数据和经验，从而更好地完善技术。太空探索的未来：星舰的设计目标是能够将宇航员送往月球甚至火星。这标志着人类对太空探索的新阶段，有望开启月球和火星定居的可能性。风险管理：在第三次试飞前，SpaceX已经明确指出每次飞行测试都是在真实环境下的尝试，并有可能发生爆炸等意外。这种对风险的坦诚态度和应对策略，在某种程度上展示了SpaceX在进行高风险探索时的严谨性和专业度。持续进步：尽管前两次试飞以爆炸告终，但SpaceX并未因此停步。每次试飞都为公司提供了宝贵的数据，帮助他们不断改进设计，这次第三次成功的试飞就是不懈努力和持续进步的结果。,1,0,0,1710426761,北京
#SpaceX星舰一二级火箭成功分离##马斯克# SpaceX星舰滑行太空，一二级已经分离，二级溅于印度洋。https://www.zhihu.com/video/1751736607764631552,1,0,6,1710426740,上海
意料之外的惊喜是再入大气的直播，这可不多见,1,0,3,1710426705,江苏
8点55分，一直在看直播，9点25发射，还有半个小时，现场应在加注燃料，预祝发射成功！今天也是spaceX成立二十周年，所以三飞对spaceX意义重大。另外，今天也是阿尔伯特·爱因斯坦的诞辰。(1879年3月14日)这次发射在SpaceX位于得克萨斯州博卡奇卡的发射场进行。SpaceX公司表示，第三次发射的目标是在太空中点燃星舰的一个猛禽发动机，打开和关闭运载工具的有效载荷门，还希望在轨道上的两个星舰加油站之间转移推进剂。此外，该公司还表示，希望这次星舰能够在受控的状态下重返大气层。回顾一下前两次试飞，第一次试飞，火箭在升空几分钟后爆炸。火箭升空后即发现一级有多台发动机工作不正常，升空2分30秒后火箭姿态失稳并开始旋转，最终解体爆炸，发射宣告失败。第二次试飞，星舰实现了第一级助推器和上层飞船的分离。可惜第二级飞船成功地与第一级飞船热级分离后，在飞行一段时间后发生了爆炸。马斯克概述称在升空过程中，SpaceX 将液氧和甲烷完全注入了 Starship 星舰的第二级，导致在飞行过程中排出这些氧气，从而导致爆炸。为了解决这些问题，SpaceX 在硬件上进行了一些改进。他们指出，“我们已经完成了这些措施，并指出公司‘在即将到来的星舰上实施了硬件改动，以减少泄漏、提高防火性能，并改进与推进剂排放相关的操作，以提高可靠性’。”此次(第三次)试飞中，计划首次在太空中对猛禽发动机进行重新点火等测试。还有15分钟，这现场画面好清晰，视角极佳。点火发射，发动机非常稳，2分42秒，一、二级分离，分离成功。1，2级都非常成功，2级很稳定，6分30秒左右开始减速，发动机关机顺利，随后调整姿态(一级回正)。8分30秒左右关机成功。随后在轨进行其他测试，16分20秒左右舱门打开，24分31秒进行推进剂转移实验，推进剂转移实验成功，舱门关闭，之后进行其它在轨实验，40多分钟时会进行再度点火演示。调整姿态，再度点火，二级再入！火焰视角，姿态与遥测不一致，后续没有信号，应该不可控入(撞)海了。总结：超出预期，上次的问题解决了，部分发动机出现熄火情况，返回阶段出现问题，...，详见后续的官方报告。至此，火箭的完全复用成功的向前迈进一步，祝贺！以上。,1,0,21,1710426688,浙江
一次比一次有进步啊,-1,0,0,1710426617,山西
星舰的进度也未免太快了，这才一年左右啊。妈蛋，这样下去，咱们被越拉越远了。,0,18,12,1710426591,江苏
人类之光,1,1,3,1710426538,广东
2023年4月20日，星舰进行第一次试飞，不幸的是，三台发动机未能启动，第一次试飞因缺乏足够的推力矢量控制，在火箭进入超音速状态后，没能及时分离最后失控，星舰第一次试飞失败。2023年11月18日，星舰进行第二次试飞，初级阶段很顺利，但在热分离后，星舰意外没能按计划飞行，第二次试飞以失败告终。从以上时间点可以看出，星舰第一次试飞到第二次试飞，期间才隔了7个月，今天的时间是2024年3月14日，距离第二次试飞仅仅过了4个月。这次星舰试飞的目的，是为了进一步优化相关功能，例如星舰滑行阶段进行推进剂转移演示、受控重入大气层等。别看前两次星舰试飞失败就唱衰，人家可是吸取了前两次经验，优化了排气口、焊缝、隔热材料、脚手架、密封箱、推进剂舱口等配件，还把液压动力矢量控制系统换成了先进的电动推力矢量控制系统，在精准度上又上升了一个台阶。此外，为了保障信号不中断，这回星舰的推进器和上面级都安装了Starlink终端，保障星舰在穿越黑障时仍然能提高通讯信号。这次星舰的轨道相比于前两次有不同，因为需要尝试包括太空发动机点火等新技能，坠落地将位于印度洋。从吃瓜群众角度来看，我个人飞船佩服星舰计划，SpaceX公司是美国航天局支持的民营商业航天服务商，意在向深空探测、重型货物运输和太空旅游领域发展。从上文得知，虽然星舰第一次、第二次失败，投入的成本费用更是昂贵的离谱，但SpaceX不仅继续研发，还在短期内迅速试错迭代，只有不断从实践中才能得知哪些是短板，才能更有效的完善星舰综合性能，这放在全球范围内，都是值得令人尊敬的企业，所以星舰第三次试飞，不管成功与否，对人类而言都具有非凡价值意义。,1,0,6,1710426490,江苏
根据环球网，据美国有线电视新闻网等媒体报道，当地时间14日，美国太空探索技术公司（SpaceX公司）的“星舰”重型火箭进行第三次试飞。北京时间今日晚间，马斯克在 X（推特）平台发文向 SpaceX 团队致以祝贺，并宣布星舰（Starship）已经达到轨道速度。在火箭发射升空后，14日晚些时候，SpaceX公司创始人马斯克在社交平台上发帖称，“‘星舰’已达到环绕速度！祝贺SpaceX团队！！”据太空探索技术公司网站介绍，新一代重型运载火箭“星舰”是迄今全球体积最大、推力最强的运载火箭，总高度约120米，直径约9米。火箭由两部分组成，底部是“超级重型”助推器，高约69米，配备多台“猛禽”发动机；顶部是飞船，高约50米，可重复利用。                                                                                                                    图片截取：新浪财经（图源：SpaceX公司在社交平台上所发视频中的画面 ）                                                                                                                    图片来源：新浪财经,0,0,3,1710426380,重庆
真正的遥遥领先！,0,0,2,1710426371,北京
聊点只有航天爱好者爱听的事情：星舰其实有三件事比较重要。第一个是可回收，这没什么可说的。第二个是载重，毕竟星舰对标的是火星五号这类大家伙，但是这也说烂了，没什么好说的。第三个则是液氧甲烷，这个比较重要。因为对于现代来说，液氧甲烷可以说是下一代火箭燃料的首选，所以你可以看到诸多的航天公司都有研发该火箭燃料的内容。而之所以提到这件事，就是因为和之前的猎鹰和重猎不同的是，星舰使用的就是液氧甲烷。而这次成功发射，可以说是液氧甲烷的又一次成功实验。也可以说是为后面的各个航空公司研发液氧甲烷提供了信心。另外再就是铁皮火箭这件事，也等于说是给其他火箭公司趟平了路，知道这条路可以走，并且也有未来。当然，这次成功发射，我认为最大的功臣应该是FAA，但凡他们和上次一样恶心一点，这次发射就不知道得延迟到什么时候。至于说星舰四号什么时候发射，保守估计六个月内，激进估计两个月内。毕竟你们看FAA没为难，从二号到三号也经历了三个月。所以基本上今年年内能发射到五号到六号就差不多，能用至少得等到26年再说。,1,3,22,1710426356,四川
科学无国界，美国为什么打压中国？全人类的进步，那美国为什么要阻挠中国为全人类进步做贡献？星舰的成功，就是中国的失败。知耻而后勇，为中华之崛起继续努力。中美竞争已经到了最后阶段，美国咄咄逼人，随时可能爆发激烈冲突。国际竞争是残酷的，哥伦布发现新大陆，新大陆的人换种了。美苏争霸，苏联输了，结果国家分裂，手足相残。SpaceX 星舰将第三次试飞，涉及再入大气层等复杂任务，这对航天发展有哪些意义？,1,29,10,1710426314,福建
太美了，应该是第一次拍摄到这个镜头？,1,4,49,1710426297,福建
真厉害啊，一个私人企业能把这么大的东西发射到天上去，老马确实有一手的。契而不舍，金石可镂咋们也得加油了,1,0,5,1710426267,美国
和我月薪三千有关系吗？,-1,0,1,1710426221,安徽
任务失败，一二级全摔啦。,-1,8,3,1710426022,上海
我国发射火箭:劳民伤财，祸国殃民。马斯克发射火箭:人类之光，真正文明。这会就跟你月薪3000的有关系了？你们戏真多。,-1,19,14,1710425960,陕西
星辰大海，恭喜大宝贝发射成功,-1,0,3,1710425918,云南
也许几千上万年之后，人类的足迹已经遍布整个银河系，但是不管在哪个星球上生活的人，都会记得那个开启了星际大航海时代的伟人！,1,4,15,1710425893,重庆
左手人工智能，右手低成本大火箭，的确科技强国。当然，他也不能阻止我们清场式遥遥领先。我们死磕新能源一样有美好的未来。不过一想起被轰出现场的央视记者，深感我们似乎有更强的统治力，信心又足了很多。咱们弯道见。,-1,12,43,1710425888,重庆
"The SpaceX heavy-lift carrier rocket will launch in the third test flight throughout the universe. I am so curious about whether this launch is a milestone through the starship development. Congratulations to Elon Musk for his achievements! I hope that in the near future, we can have more Interstellar travel in the universe and explore the deep space outside the solar system. Looking forward to hearing more good news from Musk!Although it had failed two times before, as the saying goes, failure is the mother of success! Each failure is better for the next improvement of starship and reach to the final destination in the universe. All the best luck to Musk!",1,0,2,1710425881,陕西
反向毒奶日神仙,1,0,2,1710425749,广东
,0,0,0,1710425696,四川
推进剂转移演示完成这是个我非常看好的技术演示，它能帮助未来实现太空加油，是SpaceX载人登月项目的一部分（当然现在只是星舰内部的小试验）。来张特写下文也有介绍：在轨演示舱内液氧转移技术，将星舰里的10吨液氧加注到另一个液氧舱中，这是个很有难度的活，但是对与SpaceX未来计划的要在太空中进行推进剂转移（可以理解为空中加油）蛮有帮助的。上面级内部示意图可以说非常厉害了！和上次相比有特别大的进步，就是一级回收失败了。上面级现在还在太空中飞，估计过一会会尝试再入大气层，并且溅落。助推器信号断开瞬间上面级发动机关闭瞬间这边我也发一下吧。更新一下，新的起飞时间为中部时间上午 8:25（北京时间晚上9:25），团队正在清除墨西哥湾禁区中的几艘船（距离延期8分钟后再延期15分钟，经典操作了）：（今天的天气状况评估为 70%。目前要关注的是风向和风力，再过一会风力就要变大了，今天天气不是很好。上面级推进剂加注中…选今天发射还挺有意义的，今天是3月14日π日，也是SpaceX成立22周年纪念日。在预定发射的前夜才获得批准：）这次星舰的改进还挺多的，像排气口、焊缝、隔热材料、脚手架、密封箱、推进剂舱口等都有一些改变，特别是推力系统方面，电动推力矢量控制系统代替了液压动力矢量控制系统，这是S26之后又安装上了电推。推力矢量控制 系统(TVC) 顾名思义能控制火箭发动机推力以及改变推进方向的。电动的相对于液压动力来说系统更加简单，精准度也更高，现在很多航天器也开始用电推了，我国也在发展应用中。右图是电动推力矢量控制系统这次测试的目标包括：助推器和上面级成功点火上升，成功打开、关闭星舰有效载荷释放口（演示部署卫星能力），在末级滑行飞行阶段进行推进剂转移演示，在轨二次启动猛禽发动机，星舰受控再入大气层。从测试目标中我们也可以看出星舰的几点更新星舰溅落地点变了，从北太平洋海域变到了南印度洋海，这次计划从得克萨斯州星舰基地出发，一级分离后返航，溅落在墨西哥湾海域。上面级继续飞行至大约235公里高度（之前是约250公里高度，高度短了些），然后在印度洋受控溅落。整个测试时间缩短了近一半，变为45分钟（之前计划约为90分钟）。在轨演示舱内液氧转移技术，将星舰里的10吨液氧加注到另一个液氧舱中，这是个很有难度的活，但是对与SpaceX未来计划的要在太空中进行推进剂转移（可以理解为空中加油）蛮有帮助的。轨推进剂存储和转移｜SpaceX 计划发射6 次星舰，进行 5 次推进剂转移完成载人登月这次特别关注到了上次出现的信号中断问题，这次用星链（Starlink）全程覆盖，在推进器和上面级都装了好几个Starlink的终端。这有助于在星舰整个飞行过程中，特别是再入大气层时（航天器周围的等离子体会严重抑制信号，就是“黑障”）仍然有比较好的信号。还有一个是卫星布署在轨演示，虽然这次不部署卫星，会打开载荷舱口，开启PEZ卫星分配器（像PEZ糖果分配器，顾名思义，和发糖一样把卫星一个个弹出来），就试着运行一下。星舰结构图｜来源：BingoBoca原回答：https://www.zhihu.com/question/648491357/answer/3430344804?utm_psn=1751714159698235392,1,4,78,1710425678,美国
只关心什么时候用星舰载人登月，那才是大餐，有的说26年，有的说30年，到底是什么时候？,-1,1,2,1710425645,河南
有进步，是真实不骗人的就行，放心大胆炸。,1,0,3,1710425586,贵州
是不是要开始人类大航海时代了？我们不用再在这个小小的地球上互相争夺了？,1,6,3,1710425563,浙江
两岸猿声啼不住，轻舟已过万重山。,-1,1,5,1710425525,浙江
牛逼啊。结合现在波音那么多屁事，感觉懂的裁掉印度人的老板才做的好工业进步。。。,-1,2,22,1710425499,北京
一点热度都不给是吧？,1,1,0,1710425493,陕西
"也凑热闹去看下直播北京时间 2024-03-14-22：09在直播画面下面，有些关于这次试飞的一些简单介绍信息，Mission: Starship's third fully integrated test flight ，星际飞船的第三次全面集成试飞Vehicles: Booster 10 and Ship 28 Booster Recovery: Booster will attempt a soft splashdown ~20km offshore simulating a landing back on the chopsticks. Ship Recovery: Ship will not be recovered but will attempt a controlled re-entry and splashdown in the Indian Ocean. Stats:    · SpaceX's 26th launch of the year and the 7th launch of the month   · SpaceX's 3rd space launch from Starbase这次的一些变化，The flight will feature several upgrades to Booster and Ship, as well as a modification of the flight path to the Indian Ocean, instead of Hawaii.  对助推器和飞船进行了升级，同时对飞船的飞行路径进行修改，经过印度洋，而不是夏威夷。In space, SpaceX plans to demonstrate the payload dispenser door, and the capability to relight a Raptor in Space. Additionally, SpaceX wants to demonstrate the capability of in-space cryogenic propellant transfer. 在太空中，SpaceX计划展示有效载荷分配器门，以及在太空中重新点燃“猛禽”的能力。此外，SpaceX希望展示在太空中低温推进剂传输的能力。【以上机翻】官网介绍的改进点演示图人类的征途，都是星辰大海！祝好！",1,0,1,1710425411,未知
成了。三次实验次次有进步，把把有收获，这次几乎就相当于临门一脚砸在门柱上了。这毫无疑问的证明了星舰技术路线的正确，各大国有航天与马斯克之间的差距从此从断档变成了断崖。人类第四次工业革命的起始点几乎可以确定，就在今年之内了。是，我知道，这个不是中国的胜利，但它毫无疑问的回答了这样一个问题。在迄今为止人类还是搞不太清楚我们以前从哪里来的情况下，它掷地有声的告诉人类将来要到哪里去。它暂时不属于中国人，但它已经彻底为长九趟平了整条技术路线的验证历程。它也在启迪我们，它在鞭策我们，我们迟早也会加入到太空工业的竞赛中去，整个人类星辰大海的前程已经被照亮。我们是中国人，所以我们应当希望我们的国家从此迎头赶上，把那长九的PPT打上去而不是永远停留在海报上。我们是人类，所以我们应当为星舰热烈的鼓掌，人类不再是仅仅离开地球母亲的怀抱出去玩耍，这一次我们背起了行囊，我们要自立门户，要出去闯一闯！我希望各位不要总是用键政的理念观测世间的一切，让人类太空事业殖民化、工业化，这是当代人类最崇高的且没有之一的理想，马斯克已经如此接近做到了！这不值得大家为他鼓掌吗？当然，这也确实意味着留给中国的时间窗口再一次的缩小了。那么多航母，强大的重空军部队，不趁着太空工业到来，生产关系剧烈变革的前夜干一票大的。还等什么呢？,1,33,46,1710425401,内蒙古
星链真是一个好东西，全程高清直播,-1,0,11,1710425390,陕西
当地时间周四上午，SpaceX尝试了“星际飞船”（Starship）项目的第三次试射。在去年四月，星际飞船的初次试飞遗憾地在飞行过程中遭遇空中解体。而在后续的第二次尝试中，虽然取得了一定的进步，但最终因通信信号丢失和爆炸事件而未能达成预期目标。第一次发射后4分钟直接爆炸，第二次提升到了7分钟。在这次试射中，根据目前的消息，星舰飞船成功地全程完成了发动机的点火与燃烧周期，并在大约9分钟的关键阶段后平稳地关闭了动力系统。此次飞行试验的速度已达到近似进入地球轨道所需的阈值，但这次的主要目标并非实现轨道插入。第三次试射的目标包括了两级火箭成功连续的点火升空、有效载荷舱门的开启与闭合操作，以及在二级飞行阶段开展空间环境下推进剂的转移演示。根据SpaceX发布的任务概述，这次飞行意图实现在太空中首次重新启动猛禽发动机，以及对星舰飞船进行受控再入大气层的操作。此外，这次飞行路径设计上的一大亮点在于，飞船预定将在印度洋海域进行溅落回收，这条全新的航线允许团队在保证公共安全的同时，探索诸如空间中发动机重启等先进技术的应用。第一次星舰试射任务设定了234公里的飞行高度，并规划了一条穿越太平洋上空、最终在距离夏威夷欧胡岛海岸线约225公里处实施海洋溅落的飞行路径。第二次飞行遵循了与第一次相似的总体轨迹，但第三次飞行特意选择了不同的溅落区域——星舰主体目标在印度洋进行溅落，与此同时，为其提供初始推力的超重型助推器仍计划在离博卡奇卡发射基地几公里之外的墨西哥湾水域实现软着陆和溅落回收。这样的布局体现了SpaceX在逐步扩大飞行测试覆盖范围和难度的同时，也在持续优化不同组件的回收策略。,1,7,27,1710425216,陕西
发射过程https://www.zhihu.com/video/1751729623183052800,1,0,1,1710425202,河北
喔豁，起飞,-1,0,0,1710425154,云南
是不是马上美国就能爆出太空舰队一键灭鳖了……,1,1,1,1710425074,安徽
有一堆空间站公司要开香槟了嗯，美国有四家主要的空间站公司它们可以正式开始大规模融资和发射私人空间站了有几个已经和星舰签过合同了,-1,14,69,1710425054,加拿大
看了内部环境，真是主打一个该省省该花花。    ,-1,1,21,1710424962,江苏
图片来源于网络！马斯克旗下SpaceX进行星舰第三次试飞，北京时间今晚21点25分左右，SpaceX星舰成功点火发射升空！助推器也成功与飞船分离！图片来源于网络！基本成了。 新一代重型运载火箭星舰是目前为止全球体积最大、推力最强的运载火箭。总高度约120米，直径约9米。底部是超级重型助推器，高约69米；顶部是飞船，高约50米，可重复利用。 图片来源于网络！SpaceX公司于美国当地时间3月14日早上发射“星舰”，这是SpaceX公司第三次尝试发射，表现好于前两次。这枚近400英尺（约合121米）高的火箭是为美国国家航空航天局（NASA）运送宇航员登月而建造的，其终极目标或许是有一天能将人类送上火星。第三次飞行测试的目的包括：火箭两级的上升段燃烧、打开和关闭“星舰”的有效载荷舱门、在星舰滑行阶段进行推进剂转移演示、第一次在太空中重新启动“猛禽”发动机、“星舰”受控重入大气层。此次发射在社交平台“X”（原推特）上直播，该平台也是SpaceX公司创始人马斯克所有。3月13日，美国联邦航空管理局正式批准了此次发射，批准的意见是“SpaceX满足了所有安全、环境、政策和财务责任要求”。“星舰”是SpaceX公司目前正在研制的一款重型运载火箭，采用可重复使用设计，该火箭由两部分组成：起飞级名为“超级重型助推器”，并联安装了33台“猛禽”液氧甲烷发动机，其中内置13台用来改变推力方向，最大推力约7600吨；第二级是集成了6台发动机的飞船（其中包括3台真空版“猛禽”发动机和3台海平面版“猛禽”发动机，最大运载能力超过200吨。）2023年4月，“星舰”迎来首次飞行试验，升空2分30秒后火箭姿态失稳并开始旋转，最终解体爆炸，发射未达到预期目的。之后，SpaceX公司公布了失败的原因，称“星舰”发射后，其中一级有多台发动机工作不正常，出现故障，损失高度并开始旋转，向飞船下达了终止飞行的指令。SpaceX称，“星舰”设置了出现意外情况时自毁的机制，以防止火箭自由坠落并威胁地面人类的安全。首飞失败后，SpaceX对“星舰”进行了1000多次修改，最主要的变化是级间热分离方式，即“星舰”的二级飞船在还未与一级超重助推器分离时点燃发动机。马斯克称，“热分离具有载荷入轨优势，保守地说，运载能力大约增加了10%。2023年11月18日“星舰”进行了第二次飞行试验，火箭级间分离后，“超重”助推器爆炸，SpaceX原本希望引导它在海洋中可控溅落，而第二级的飞船飞行几分钟后失联，第二次飞行试验也未达到预期。今年2月，SpaceX公司公布调查报告，第二次飞行试验中火箭起飞级发生爆炸的原因被确定为向发动机供应液氧的过滤器出现堵塞，导致发动机氧化剂涡轮泵入口压力下降，最终导致一台发动机发生故障，从而导致火箭失事。第二级的飞船未能成功是因为装载了过多的液氧推进剂，在启动液氧排放口时，在航天器尾部发生泄漏，导致燃烧事件和随后的火灾，进而导致飞船失联。20240314 发射成功，入轨了……“星舰”采用“快速迭代”和“以飞代试”的火箭研制模式，SpaceX 此前表示表示，星舰第二次飞行测试（IFT-2）取得了许多重大里程碑式的经验，并为“星舰”继续快速发展提供了宝贵的数据。（澎湃新闻）,-1,1,2,1710424939,山西
国内要追赶的地方还很多啊 ,0,1,1,1710424929,未知
很震撼，没想到在短短一年时间里就能有如此突破。2023年4月，星舰火箭首次试射，由于几个发动机出现问题升空约150秒后失控，火箭在解体前继续翻滚，没有进入太空最终解体爆炸。第二次发射也出现了意外，星舰火箭成功进入太空后，发动机失灵，触发自毁程序火箭最终爆炸。这次发射比第二次进步很多，一二季火箭顺利分离，一级火箭在回收降落的时候爆炸，目前二级火箭状态稳定，截至目前已经过去了21分钟，二级仍在飞行中。星舰作为超重型运载火箭，星舰的近地轨道运力可高达150吨。预计将代替猎鹰9号、猎鹰重型运载火箭以及天龙号航天器等载具执行地球轨道上的任务。除了地球轨道，SpaceX还会研发可以在近地轨道进行在轨加注燃料的技术，星舰在轨道上加注燃料后，也可以完成地月转移以及直击火星的任务。现在压力来到了全世界同行这边，我们要奋起直追了。,1,20,76,1710424912,北京
在前一天，SpaceX发布了第三次星舰发射的宣传视频，也为正式发射做好了准备，美国联邦航空管理局（FAA）也在这一天批准了试飞许可证。https://www.zhihu.com/video/17517247884215132162023年4月，星舰从得克萨斯州起飞，执行首次轨道级测试飞行任务，但升空后不久就遇到了问题，33台猛禽发动机中，两个发动机在飞行过程中失灵，第三个发动机忽明忽暗。SpaceX下达了自毁指令，随后星舰在墨西哥湾上空摧毁。北京时间3月14日21时25分，SpaceX星舰在得克萨斯州博卡奇卡实施第三次轨道级试飞。SpaceX强调称，今天的试飞仍是一次“测试”。第三次试飞将在吸取此前试飞经验的同时，尝试完成一些雄心勃勃的目标，包括成功完成第一级和第二级的升空燃烧，打开和关闭星舰的有效载荷舱门，在第二级的滑行阶段进行燃料转移示范，在太空中首次重新点燃猛禽发动机，以及让星舰在受控情况下再入大气层等。本次星舰飞行测试将使用新的飞行轨迹，目标是落在印度洋中。SpaceX最大的客户美国宇航局（NASA）对星舰寄予厚望，在NASA“阿尔忒弥斯”重返月球计划中，星舰承担着核心角色——帮助美国宇航员登月。SpaceX首席执行官马斯克表示，在搭载第一批人类之前，星舰应该执行数百次无人飞行任务。马斯克也认为，星舰最终将取代SpaceX目前的主力火箭猎鹰9号。,1,0,5,1710424855,四川
就飞行时间上来看，前两次星舰试飞的设计为持续 90 分钟——星舰飞行器达到轨道速度（如果没有真正进入轨道的话），然后再返回地球在夏威夷海岸溅落。但第三次试飞设计得更快一些——根据SpaceX官方的任务描述，如果一切按计划进行的话，星舰的上级将会在升空后约大概65 分钟左右溅落。 这个是星舰第三次试飞的飞行剖面：第三次试飞的只要目的是以SpaceX从之前的飞行中获取到的经验和知识为基础，同时尝试实现另外一些目标——包括两级的成功上升燃烧、打开和关闭星舰的有效载荷门……之类的。就飞行路线上来看球，这次星舰还将按照一条新的轨迹飞行，目标是在印度洋溅落。SpaceX 的第一次星舰飞行目标是达到 146 英里（234 公里）的高度，同时穿越一条飞行路线，目标是降落在距离夏威夷欧胡岛海岸约 140 英里（225 公里）的太平洋上。第二条飞行路线跟第一条大致相同。 新的飞行路线能够让SpaceX尝试新技术——比如太空发动机燃烧啥的。另外就是，如果SpaceX 无法在 3 月 14 日按计划发射，那可能会往后延个一到两天。不过SpaceX还表示，由于大型火箭和助推器消耗了超过 1000 万磅的超冷液态甲烷和液氧推进剂，如果第三次试飞还会有第二次尝试的话，那可能需要几天的时间才能为其星舰发射的推进剂库进行补给。毕竟要看第一次尝试加油进程是咋样的嘛。但如果由于技术故障或而推迟的话，那就说不定啥时候会发射了。,0,0,8,1710424681,四川
乔布斯搞了一个电子产品界的春晚。我们航空航天界也要有自己的春晚。马斯克现在已经拥有了一颗运力达到长征五号十倍的火箭。7000吨最大起飞重量，什么概念，往天上射驱逐舰。,-1,0,22,1710424667,上海
上上次还在讨论发动机并联上次就讨论起了热分离技术路线这次该讨论什么问题呢,0,1,2,1710424474,新疆
星舰，原名为大型猎鹰火箭（BFR），是美国太空探索技术公司（SpaceX）研发的一款大型运载火箭系统。该系统采用船箭一体化设计，包括超重火箭级和星舰飞船级。星舰的运载能力高达100吨，能够将100人送往月球、火星或其他遥远目的地，或是绕地球飞行。全长120米，起飞质量为5000吨，起飞推力7400吨，两级均可重复使用。[1]SpaceX计划采用星舰实现载人绕月飞行、前往火星等太空探索。2020年SN8星舰原型机进行飞行测试，在降落过程中的最后一刻，由于发动机推力异常，箭体失速坠地爆炸。2023年4月星舰火箭首次点火起飞，升空约两分钟后，“星舰”出现姿态摇摆，最终失控爆炸。2023年11月，SpaceX进行了第二次试验发射，火箭升空后一二级成功分离，但随后助推器和飞船先后发生爆炸。尽管星舰的发射遭遇了失败，但美国联邦航空局（FAA）仍然在2024年3月授予SpaceX公司许可，允许从得克萨斯州测试发射“星舰”火箭系统。北京时间3月14日晚上8点，SpaceX计划进行星舰超级火箭的第三次试飞。星舰的发展经历了多次试飞和失败，但SpaceX公司始终坚持创新和改进。在总结前几次发射失败的原因后，SpaceX公司对星舰进行了改进，包括对火箭发动机、飞船控制系统等方面的优化。因此，对于即将进行的第三次试飞，我们有理由保持期待。美国宇航局主导研制了SLS重型运载火箭，这种以“SLS模式”为代表的国家主导发展模式以完成任务为目标，通过严密的研制流程，确保每个产品质量。而以“SpaceX模式”为代表的商业航天模式，以产品开发为目标，通过频繁的产品迭代实现功能优化，达到缩短开发时间，节约成本的目的，缺点是失败率较高。[2]今天第三次试飞，是SpaceX“以风险换效益”的又一次尝试，不管成功还是失败，都是一次宝贵的经验。,1,0,3,1710424448,山东
真是失败头条热搜满天飞，成功闷头睡觉不报道啊这里面是真的节俭。听解说说一平方材料才3美元，无法想象航天原来可以低成本完成啊……,-1,26,84,1710424010,安徽
专业的有很多人说了，说点通俗易懂的搞搞科普。星舰之前最强大的运载火箭是土星五号。这家伙起飞重量3000吨，能把248吨载荷一次性推入近地轨道，把45吨载荷直接推入月球轨道。这个载荷能力是什么概念呢？就是只需要两次发射就能把420吨的国际空间站送入轨道。一次发射就可以把两辆装满了人的公交车送上月球。那么本次即将发射的星舰对比一下参数。起飞中奖7000吨，是土星五的两倍多。上面的S24星舰原型机重150吨，下一步要优化到100吨以内，而下面超重型火箭的最大载荷能力将达到300吨，月球轨道运载能力50吨，换句话说，只需要一次发射就能把小型空间站送入轨道，两次就能把100个人送上月球。可能有读者会看出来，星舰重量是土星五两倍，运载能力却差不多。可是问题在于成本。土星五是一次性的，一枚造价等于现在的12亿美元，等于一艘尼米兹核航母舰队的造价，用一次就扔了。这也是美国人后来不再登月和弃用土星五的原因：太废钱了。而星舰是重复使用的，多出来的重量是用于回收的。重型猎鹰火箭和飞船造价30亿美元，目前最高回收记录是100次，换句话说，等于一艘造价是3000万美元，比之土星五便宜了40倍。而且今后会把成本压缩到2亿美元，回收50次，每次送一公斤载荷成本40美元，例如我们自己想太空旅行，两万块人民币就够了。而原有火箭送一公斤成本是多少呢：20000美元，我们想去得花至少1000万人民币。这是降维打击！更有意思的是，土星五是液氧、液氢、煤油燃料。星舰是液氧、液态甲烷燃料。截止目前，火箭用液氢成本5—10万人民币一吨。航天煤油成本1万一吨，液态甲烷是5000一吨，成本又是降维打击。所以星舰的全部看点，就在于超低的成本和超大的运载能力。一旦成功，近几十年就是星舰的舞台了。,1,6,19,1710423996,贵州
只有两个字“牛逼”,-1,0,3,1710423783,未知
恭喜马斯克，今晚是见证历史的一晚。另外，B乎这热榜确定不是引战吗。,1,2,17,1710423670,北京
成功了,1,0,1,1710423607,河北
马斯克的星舰第三次发射又一次提上日程了。不同于其他国家发射火箭，马斯克定义了新的“发射成功”。只要达到目标，即便在空中化为大烟花，那也算成功。在今年2月份的一次线上直播中，马斯克表示第三次星舰试飞把星舰送入轨道的概率能达到70%到80%，要知道，达到这个目标可不容易，首先，星舰需要加速到2.82万公里每小时的速度，而去年第二次试飞时，星舰自毁前的速度只达到2.4万公里每小时。让我们复盘前两次的星舰发射; 第一次发射，助推器33个发动器没有全部点燃，星舰发射后3分钟后就无法稳定飞升，在空中失速翻滚，最终触发自毁程序，而发射架由于准备不充分，被星舰的尾焰烧蚀严重。但到11月份第二次发射，虽然也失败了，但是肉眼可见其中的进步，首先星舰与助推器热分离成功，所有的发动机都点燃，虽然助推器最后还是没能成功回收坠毁，而星舰在不久失联，但是不得不说，这为下一次发射积累了不少珍贵的经验。第二次部分的成功让人们看到，这种33台发动机同时协力运行，热分离将大重量火箭送上太空的方法是可行的。spaceX的官网公布第三次发射的目标，在完成第二次发射达到的目标以后，星舰将在太空中重新点火Raptor发动机，在太空飞行一段时间后，重新回到大气层，最终在印度洋着陆。星舰的时间表希望SpaceX不负众望，让人类早日进入星辰的大海！！！！,1,0,3,1710423496,青海
庆幸科技掌握在文明手里,-1,5,47,1710423446,广东
星舰试飞成功。星际大航海时代开启了。,-1,24,70,1710423361,未知
入亚轨了，一级回收炸了,1,1,2,1710423337,未知
"SpaceX“星舰”的第三次试飞在之前是早就有消息了的。据http://Space.com今年2月14日报道[1]，马斯克曾于今年2月12日在 X 上的一篇文章[2]中说：Starship were meant to fly and our next one launches in about 3 weeks, but I recommend waiting for a few more test flights before hopping on board。（译文：星际飞船本应飞行，我们的下一艘将在大约3周后发射，但我建议在登机前再等待几次试飞）3月5日的时候，http://Space.com继续报道称，SpaceX首席执行官埃隆·马斯克（Elon Musk）在X（前身为Twitter）上的一篇文章中写道：“星舰3号准备发射。”并且还分享了SpaceX在3月4日进行加油测试的照片（下面是其中一张）。星舰第三次发射落点没有选在前两次的太平洋夏威夷群岛附近，而是改到了印度洋。如果一切顺利，星际飞船将尝试在太空中重新点燃其猛禽发动机（Raptor engines），并最终在起飞后约一小时落入印度洋。主要看点其实还是那些，例如能不能走得更远，会不会又把自己炸成碎片等等目前的最新消息是星舰的第三次发射时间定于美国东部时间3月14日上午9点25分，即北京时间3月14日晚上9点25分。也就是说，它现在已经发射了，至于结果可能要等到北京时间晚上10点多的样子。让我们一起等待结果吧。当然，光看别人的，我其实更期待我们中国今年的表现。",1,0,4,1710423303,未知
SpaceX 6日宣布，计划最早14日进行新一代重型运载火箭“星舰”第三次试飞。说明前两次试射的问题解决了。第一次：2023年4月20日“星舰”首次试射时，在火箭一二级分离前就发生爆炸。第二次：同年11月18日，“星舰”第二次试射，火箭升空后一二级成功分离，但随后助推器和飞船先后爆炸。看得出，经第一次试射后，经历7个月的复盘及改进，第二次试射解决火箭一二级分离的问题，这次看看能否解决助推器和飞船爆炸的问题，以及有没有后续潜在问题。不到3个月的时间，第三次试飞又开始了，默认第二次的问题已经解决，因为美国联邦航空管理局在这些改进完成后才会允许下一次试射。一旦星舰成功的话，意味着什么？对当前世界各国的航空航天将是一个巨大的降维打击。当前各国的火箭技术，充其量只能同时将5-6人送到太空。100多吨的空间站，只能采用蚂蚁搬家的办法，一点点的发射。SpaceX猎鹰九号可回收火箭：成本6200万美元，最多可循环利用5次，单次发射成本1240万美元，最大运载负荷22吨，运载单位成本563美元/kg。美国航天飞机：单次发射成本4.5亿美元，最大运载负荷22.7吨，运载单位成本约2万美元/kg。而星舰的运载能力，其最大运载负荷150吨，而且可回收的次数按照马斯克的要求，将达到100次。如果星舰最终真的成功，那么其成本将会降低到2亿美元，按照其100次的回收次数，单位成本将会降低到数十美元每千克。真的是，狠起来连自己都打！也希望星舰成功，为人类的太空梦想，再进一步。,1,3,3,1710423289,未知
快科技3月14日消息，今日，马斯克旗下美国太空探索公司SpaceX宣布，计划3月14日进行星舰（Starship）第三次试飞，发射窗口在北京时间今晚20:00开始的110分钟内。据了解，在此次试飞中，SpaceX计划首次在太空中对猛禽发动机进行重新点火等测试。作为迄今为止人类建造的最庞大、最强大的火箭，星舰由两级可重复使用的部分组成。一个是配备33台猛禽发动机、被称为超重型（Super Heavy）的第一级火箭助推器，另一个是被称为星舰（Starship）的高50米的飞船。SpaceX星舰旨在将人类送往月球和火星，并执行各种其他太空飞行任务。需要说明的是，星舰在试飞过程中并非真的要上地球轨道，而是需要达到能进入地球轨道的飞行速度——至少1.75万英里/小时。在去年11月的第二次试飞中，星舰在自毁前最终达到过1.5万英里/小时的峰值速度。马斯克曾预测那次试验成功概率只有50%从去年进行的两次试验不难看出，马斯克的“快速螺旋开发”哲学也在火箭领域得到了验证。SpaceX通过快速构建原型，并送上天测试（包括最终炸掉），得以快速验证和迭代进步。去年4月的星舰首飞中，“超重”助推器的33个主发动机中出现部分故障熄火，导致星舰发射仅仅3分钟后就开始在空中翻滚，并触发自毁程序。另外，火箭超强的推力也对发射场造成重创。到了11月的第二次测试时，星舰已经完成了“超重”助推器与上部星舰航天器热分离（航天器与助推器分离前就启动发动机）的步骤。虽然助推器未能成功减速回收，航天器也在失联后自毁，但相较于第一次试飞有了明显进步。根据SpaceX官网介绍，在第二次试飞的基础上，第三次试飞将尝试更多的目标，包括打开/关闭星舰飞行器的有效载荷舱门、首次在太空中重新点火Raptor发动机。同时这次还会尝试新的飞行轨迹，星舰飞行器的水面着陆点将定位在印度洋。根据官方公布的时间表，假设一切顺利，整一套流程需要64分钟左右。,1,0,2,1710423189,江西
       在经历了两次“星舰”火箭试飞爆炸后，马斯克旗下美国太空探索技术公司（SpaceX）将于当地时间3月14日8时（北京时间20时），在克萨斯州博卡奇卡的发射场，进行第三次试飞[1]。现在看，发射时间窗口进行了调整。   “星舰”曾于2023年4月20日首次发射、11月18日再次发射，但不幸的是均发生了爆炸。第一次试飞，火箭在升空几分钟后爆炸；第二次火箭升空后一二级成功分离，但随后在实现第一级助推器和上层飞船的分离后，发生爆炸。     SpaceX「星舰」重型运载火箭三飞，除了发射时间、星舰主角、软硬件升级、发射结果等这些显而易见的区别以外，与前两飞的主要不同点在于：发射流程调整，飞行时长缩短，测试任务增多[2]。       星舰：原名大型猎鹰火箭（BFR），是由美国太空探索技术公司（SpaceX）研发的大型运载火箭系统。马斯克就是他的大老板。星舰采用船箭一体化设计，包括超重火箭级和星舰飞船级。运载能力很强，能将人送往月球、火星或其它遥远目的地，或是绕地球飞行。SpaceX计划利用星舰实现载人绕月飞行、前往火星等太空探索。SpaceX公司作为由美国航天局NASA支持并发展的民营商业航天服务商，自成立以来，其任务就是研制可重复使用的火箭和货运/载人航天器。       如果星舰发射成功，对于人类航天史具有革命性意义，因为它是目前人类历史上体积最大、推力最强的运载火箭。它也是一枚完全可重复使用的火箭，将大大降低太空活动成本，助力实现“火星梦”。,1,0,2,1710423188,未知
在2023年进行了两次扣人心弦的爆炸性试飞后，太空探索技术公司的一枚星舰火箭回到了德克萨斯州博卡奇卡星基设施的发射台上。深空火箭系统的目标是通过一个小时的综合飞行测试。如果成功，航天器将溅落在印度洋，使这艘巨大的运载工具能够进行更复杂的试飞，并最终将美国国家航空航天局的宇航员带到月球表面。周四上午，目标发射时间被多次推迟，最近一次是为了让官员有更多时间出于安全考虑，将一些任性的船只从附近的禁区中清除出来。太空探索技术公司周四表示，目前的发射目标是CT上午8:25（美国东部时间上午9:25），并补充说，该公司正在向前推进，将推进剂装载到飞行器上。美国太空探索技术公司周四早些时候表示，预计天气条件足以起飞的可能性约为70%。太空探索技术公司指出，他们正在“密切关注风向”根据太空探索技术公司周三下午发送的一封电子邮件，发射可能在110分钟的窗口期内随时进行，该窗口期将于美国东部时间周四上午8:50（东部时间上午9:50）关闭。该活动将在万众期待的起飞前约30分钟在公司网站上开始直播。太空探索技术公司认为星舰系统对其创始任务至关重要：首次将人类运送到火星。至关重要的是，美国国家航空航天局选择了星舰作为着陆器，将其宇航员运送到月球表面，执行最快将于2026年9月起飞的阿尔忒弥斯三号任务。如果在周四的试飞中一切按计划进行，超重型助推器——运载火箭的第一级或最底部——将轰鸣起来，在墨西哥湾上空翱翔。飞行近三分钟后，超重型助推器将燃烧掉大部分燃料，并脱离星舰飞船，即超重型飞船顶部的上层。助推器的目标是在海洋中进行自主、可控的着陆，而星舰飞船则使用自己的发动机继续以惊人的速度推进。瞄准轨道速度太空探索技术公司首席执行官埃隆·马斯克表示，这些早期试飞的主要目标是使星舰达到轨道速度——速度足够快，使航天器能够进入稳定的绕地球轨道。通常，这样的壮举需要超过每小时17500英里（每小时28000公里）的速度。然而，星舰不会在这次飞行中真正进入轨道。相反，根据美国联邦航空管理局发布的文件，该航天器将在印度洋硬着陆，希望距离最近的陆地超过230英里（370公里）。星舰测试和技术演示星舰在进入滑行阶段之前必须燃烧发动机大约六分钟。然后，该航天器将进行一些关键测试和技术演示。首先，星舰将尝试打开其有效载荷门——一个必须半开的舱门，太空舱才能在未来的任务中将卫星部署到太空中。然后，太空探索技术公司还将进行该公司所称的“推进剂转移演示”。根据美国国家航空航天局12月解释测试的电子邮件，目标是将星舰运载器上的一些推进剂从一个储罐转移到另一个储罐。太空探索技术公司的工程师设计了这个演示，以开始研究星舰在轨道上执行未来任务时如何加油。美国国家航空航天局阿尔忒弥斯月球任务加满飞船的燃料对星舰未来的高调任务至关重要。当星舰根据美国国家航空航天局的阿尔忒弥斯计划前往月球时，它将不得不坐在靠近地球的轨道上，因为太空探索技术公司将发射单独的运载工具，只向航天器运送燃料。为了登上月球，太空探索技术公司可能需要进行十几次加油旅行。太空探索技术公司周三获得了监管机构的批准，可以进行这项最新的试飞。在飞行约49分钟后，星舰运载工具将试图返回大海。太空探索技术公司的爆炸性试飞过程马斯克表示，与2023年的尝试相比，他更有信心这次飞行会取得成功。这一成功可能会为该公司提供关键数据，使星舰能够继续进行更困难的试飞。他最近在社交媒体上发表讲话时说：“我不想搞砸，但我认为进入轨道的可能性很好——80%。”。“当然，第三次飞行比一两次飞行要好得多。”尽管如此，太空探索技术公司的官员一再表示，该公司预计这些早期试飞的准确性不会达到100%。该公司在其网站上发布的一份声明中表示：“每一次飞行测试仍然只是一次测试。它们不是在实验室或测试台上进行的，而是将飞行硬件放在飞行环境中，以最大限度地提高学习能力。”。“这种快速迭代开发方法是SpaceX所有重大创新进步的基础。”,1,0,10,1710422260,北京
